"날짜","종가","시가","고가","저가","거래량","변동 %"
"2026- 09- 21","3,030.03","3,001.50","3,035.64","3,001.32","","1.58%"
"2026- 09- 18","2,982.94","2,980.90","2,985.69","2,969.10","","0.06%"
"2026- 09- 17","2,981.29","2,984.48","2,984.77","2,971.23","","1.09%"
"2026- 09- 16","2,949.09","2,970.55","2,977.96","2,930.52","","-0.44%"
"2026- 09- 15","2,962.04","2,973.46","2,973.61","2,956.92","","-0.47%"
"2026- 09- 14","2,976.07","2,969.20","2,986.32","2,964.27","","0.45%"
"2026- 09- 11","2,962.62","2,967.46","2,971.53","2,960.69","","0.78%"
"2026- 09- 10","2,939.61","2,939.70","2,947.45","2,934.58","","-0.59%"
"2026- 09- 09","2,957.11","2,964.17","2,964.56","2,951.50","","-0.49%"
"2026- 09- 08","2,971.62","2,983.42","2,985.55","2,968.24","","-0.54%"
"2026- 09- 04","2,987.78","2,994.92","2,998.32","2,983.32","","-0.42%"
"2026- 09- 03","3,000.53","2,980.43","3,004.31","2,979.01","","1.02%"
"2026- 09- 02","2,970.27","2,960.70","2,975.10","2,956.82","","0.45%"
"2026- 09- 01","2,956.92","2,958.46","2,968.53","2,948.41","","-0.67%"
"2026- 08- 31","2,976.75","2,979.59","2,981.77","2,969.01","","-0.32%"
"2026- 08- 28","2,986.32","2,996.96","3,010.50","2,983.33","","-0.30%"
"2026- 08- 27","2,995.32","2,984.77","3,000.15","2,979.94","","0.66%"
"2026- 08- 26","2,975.68","2,971.33","2,980.67","2,967.65","","0.03%"
"2026- 08- 25","2,974.91","2,977.43","2,978.88","2,965.96","","0.27%"
"2026- 08- 24","2,966.79","2,971.52","2,973.46","2,961.46","","-0.30%"
"2026- 08- 21","2,975.59","2,976.65","2,984.00","2,969.78","","0.37%"
"2026- 08- 20","2,964.56","2,978.00","2,986.32","2,963.21","","-0.87%"
"2026- 08- 19","2,990.58","2,997.25","3,003.73","2,986.99","","0.20%"
"2026- 08- 18","2,984.73","2,989.71","2,992.32","2,982.93","","-0.69%"
"2026- 08- 17","3,005.47","3,019.50","3,020.95","3,004.40","","-0.46%"
"2026- 08- 14","3,019.49","3,028.39","3,029.17","3,016.10","","-0.21%"
"2026- 08- 13","3,025.97","3,014.56","3,032.17","3,011.95","","0.66%"
"2026- 08- 12","3,006.14","3,014.27","3,014.75","3,002.08","","0.27%"
"2026- 08- 11","2,998.12","3,014.56","3,014.56","2,994.16","","-0.35%"
"2026- 08- 10","3,008.66","3,006.15","3,016.20","3,004.22","","-0.02%"
"2026- 08- 07","3,009.15","3,000.73","3,012.24","2,995.70","","0.52%"
"2026- 08- 06","2,993.47","2,998.99","3,005.09","2,988.35","","-0.14%"
"2026- 08- 05","2,997.54","3,020.66","3,025.11","2,996.96","","-0.18%"
"2026- 08- 04","3,002.95","2,963.21","3,011.86","2,962.15","","1.75%"
"2026- 08- 03","2,951.32","2,922.00","2,954.60","2,918.63","","1.47%"
"2026- 07- 31","2,908.56","2,900.35","2,917.17","2,873.55","","0.67%"
"2026- 07- 30","2,889.12","2,865.81","2,893.00","2,862.33","","1.53%"
"2026- 07- 29","2,845.61","2,886.70","2,894.64","2,842.02","","-1.44%"
"2026- 07- 28","2,887.19","2,882.75","2,895.79","2,869.48","","0.21%"
"2026- 07- 27","2,881.19","2,905.27","2,906.63","2,869.01","","-0.01%"
"2026- 07- 24","2,881.38","2,881.33","2,899.96","2,875.19","","0.07%"
"2026- 07- 23","2,879.45","2,883.42","2,895.98","2,867.36","","-1.26%"
"2026- 07- 22","2,916.21","2,911.46","2,925.69","2,911.37","","-0.08%"
"2026- 07- 21","2,918.63","2,910.20","2,922.20","2,903.34","","0.80%"
"2026- 07- 20","2,895.60","2,913.79","2,921.23","2,893.04","","-0.14%"
"2026- 07- 17","2,899.57","2,896.66","2,916.31","2,890.97","","-1.09%"
"2026- 07- 16","2,931.48","2,938.36","2,945.70","2,920.08","","-0.52%"
"2026- 07- 15","2,946.76","2,943.58","2,950.15","2,929.36","","0.36%"
"2026- 07- 14","2,936.23","2,932.64","2,940.91","2,923.55","","0.36%"
"2026- 07- 13","2,925.59","2,937.87","2,943.96","2,921.62","","-0.77%"
"2026- 07- 10","2,948.32","2,936.42","2,950.30","2,923.31","","0.43%"
"2026- 07- 09","2,935.73","2,919.64","2,938.06","2,912.91","","0.81%"
"2026- 07- 08","2,912.05","2,905.09","2,915.34","2,889.66","","-0.33%"
"2026- 07- 07","2,921.82","2,932.35","2,935.20","2,912.92","","-0.49%"
"2026- 07- 06","2,936.32","2,923.85","2,940.77","2,921.86","","0.85%"
"2026- 07- 02","2,911.57","2,922.20","2,937.48","2,893.67","","-0.23%"
"2026- 07- 01","2,918.33","2,913.59","2,931.97","2,903.82","","-0.05%"
"2026- 06- 30","2,919.79","2,900.63","2,927.43","2,899.77","","0.67%"
"2026- 06- 29","2,900.30","2,884.77","2,903.06","2,866.64","","1.68%"
"2026- 06- 26","2,852.28","2,854.89","2,885.45","2,847.29","","-0.70%"
"2026- 06- 25","2,872.35","2,896.00","2,897.63","2,859.10","","-0.05%"
"2026- 06- 24","2,873.75","2,879.93","2,899.91","2,864.46","","-0.06%"
"2026- 06- 23","2,875.49","2,873.85","2,897.83","2,868.63","","-1.46%"
"2026- 06- 22","2,918.23","2,929.46","2,939.51","2,911.95","","-0.30%"
"2026- 06- 18","2,927.13","2,930.81","2,932.73","2,915.33","","0.97%"
"2026- 06- 17","2,898.89","2,937.68","2,941.55","2,890.96","","-1.26%"
"2026- 06- 16","2,935.93","2,951.40","2,953.97","2,933.51","","0.35%"
"2026- 06- 15","2,925.68","2,914.85","2,933.90","2,914.18","","1.72%"
"2026- 06- 12","2,876.07","2,871.13","2,886.41","2,849.96","","0.51%"
"2026- 06- 11","2,861.57","2,827.52","2,870.26","2,810.31","","1.63%"
"2026- 06- 10","2,815.81","2,844.77","2,864.37","2,814.60","","-1.53%"
"2026- 06- 09","2,859.63","2,884.39","2,897.83","2,803.93","","-0.33%"
"2026- 06- 08","2,869.01","2,885.93","2,892.22","2,864.41","","0.22%"
"2026- 06- 05","2,862.63","2,920.17","2,921.52","2,854.98","","-2.63%"
"2026- 06- 04","2,940.00","2,919.73","2,944.45","2,917.65","","0.35%"
"2026- 06- 03","2,929.84","2,942.89","2,945.71","2,925.58","","-0.66%"
"2026- 06- 02","2,949.18","2,939.02","2,952.37","2,938.15","","0.13%"
"2026- 06- 01","2,945.42","2,932.25","2,951.41","2,931.23","","0.25%"
"2026- 05- 29","2,938.16","2,935.94","2,944.45","2,931.48","","0.18%"
"2026- 05- 28","2,932.75","2,915.43","2,934.77","2,911.27","","0.54%"
"2026- 05- 27","2,916.88","2,918.13","2,919.44","2,907.21","","0.05%"
"2026- 05- 26","2,915.43","2,915.91","2,922.69","2,908.08","","0.61%"
"2026- 05- 22","2,897.73","2,900.54","2,910.15","2,893.29","","0.35%"
"2026- 05- 21","2,887.48","2,870.79","2,896.18","2,866.30","","0.17%"
"2026- 05- 20","2,882.55","2,861.17","2,884.29","2,853.83","","1.00%"
"2026- 05- 19","2,853.92","2,856.72","2,868.43","2,845.12","","-0.64%"
"2026- 05- 18","2,872.40","2,878.10","2,883.47","2,852.77","","-0.10%"
"2026- 05- 15","2,875.30","2,884.38","2,891.84","2,870.65","","-1.24%"
"2026- 05- 14","2,911.46","2,894.73","2,916.69","2,893.67","","0.76%"
"2026- 05- 13","2,889.51","2,874.23","2,894.93","2,862.44","","0.58%"
"2026- 05- 12","2,872.77","2,868.81","2,875.69","2,848.60","","-0.16%"
"2026- 05- 11","2,877.33","2,866.79","2,883.81","2,866.20","","0.25%"
"2026- 05- 08","2,870.08","2,861.37","2,872.97","2,859.83","","0.74%"
"2026- 05- 07","2,848.90","2,861.66","2,866.40","2,841.77","","-0.31%"
"2026- 05- 06","2,857.89","2,835.83","2,860.98","2,834.58","","1.37%"
"2026- 05- 05","2,819.20","2,811.47","2,823.85","2,810.40","","0.79%"
"2026- 05- 04","2,797.05","2,804.45","2,812.63","2,785.55","","-0.35%"
"2026- 05- 01","2,806.92","2,809.72","2,824.14","2,806.92","","0.22%"
"2026- 04- 30","2,800.82","2,785.45","2,805.18","2,768.91","","1.01%"
"2026- 04- 29","2,772.78","2,771.43","2,775.68","2,761.18","","-0.06%"
"2026- 04- 28","2,774.33","2,772.58","2,778.63","2,764.65","","-0.48%"
"2026- 04- 27","2,787.67","2,780.13","2,789.32","2,776.45","","0.16%"
"2026- 04- 24","2,783.32","2,771.62","2,785.26","2,764.18","","0.74%"
"2026- 04- 23","2,762.82","2,766.25","2,778.10","2,739.12","","-0.39%"
"2026- 04- 22","2,773.75","2,766.11","2,774.77","2,762.52","","0.98%"
"2026- 04- 21","2,746.96","2,770.84","2,774.62","2,740.96","","-0.67%"
"2026- 04- 20","2,765.43","2,764.36","2,769.59","2,754.98","","-0.18%"
"2026- 04- 17","2,770.55","2,755.66","2,779.75","2,753.54","","1.22%"
"2026- 04- 16","2,737.10","2,734.87","2,742.42","2,725.98","","0.23%"
"2026- 04- 15","2,730.81","2,713.20","2,732.84","2,710.11","","0.76%"
"2026- 04- 14","2,710.20","2,684.29","2,710.98","2,683.91","","1.21%"
"2026- 04- 13","2,677.91","2,643.76","2,678.77","2,640.96","","0.96%"
"2026- 04- 10","2,652.56","2,659.05","2,662.53","2,648.55","","-0.07%"
"2026- 04- 09","2,654.50","2,634.97","2,659.72","2,631.29","","0.55%"
"2026- 04- 08","2,640.04","2,642.60","2,644.16","2,623.36","","2.51%"
"2026- 04- 07","2,575.39","2,564.27","2,575.78","2,542.80","","0.09%"
"2026- 04- 06","2,573.16","2,562.33","2,576.36","2,560.40","","0.47%"
"2026- 04- 02","2,561.18","2,525.11","2,570.17","2,520.17","","0.05%"
"2026- 04- 01","2,559.92","2,555.47","2,573.84","2,552.48","","0.74%"
"2026- 03- 31","2,541.15","2,498.07","2,546.27","2,494.15","","2.83%"
"2026- 03- 30","2,471.23","2,501.89","2,503.06","2,460.20","","-0.36%"
"2026- 03- 27","2,480.04","2,512.52","2,512.86","2,475.29","","-1.72%"
"2026- 03- 26","2,523.55","2,549.76","2,561.47","2,522.40","","-1.78%"
"2026- 03- 25","2,569.19","2,576.36","2,585.84","2,559.82","","0.51%"
"2026- 03- 24","2,556.25","2,548.22","2,570.85","2,543.23","","-0.40%"
"2026- 03- 23","2,566.40","2,577.81","2,593.57","2,559.44","","1.13%"
"2026- 03- 20","2,537.77","2,571.23","2,571.23","2,523.84","","-1.48%"
"2026- 03- 19","2,575.97","2,564.11","2,588.60","2,557.98","","0.49%"
"2026- 03- 18","2,563.35","2,590.19","2,595.13","2,562.19","","-1.42%"
"2026- 03- 17","2,600.35","2,605.96","2,613.98","2,597.44","","0.26%"
"2026- 03- 16","2,593.67","2,590.28","2,604.69","2,586.02","","1.03%"
"2026- 03- 13","2,567.18","2,594.35","2,606.14","2,563.88","","-0.60%"
"2026- 03- 12","2,582.64","2,601.60","2,604.02","2,582.35","","-1.53%"
"2026- 03- 11","2,622.69","2,627.08","2,637.00","2,611.37","","-0.14%"
"2026- 03- 10","2,626.27","2,627.91","2,650.48","2,617.07","","-0.18%"
"2026- 03- 09","2,631.09","2,583.42","2,637.39","2,569.39","","0.87%"
"2026- 03- 06","2,608.47","2,611.51","2,622.77","2,598.07","","-1.37%"
"2026- 03- 05","2,644.63","2,646.77","2,660.30","2,621.71","","-0.59%"
"2026- 03- 04","2,660.35","2,646.58","2,666.79","2,637.86","","0.75%"
"2026- 03- 03","2,640.67","2,619.97","2,649.67","2,599.28","","-0.89%"
"2026- 03- 02","2,664.36","2,634.58","2,673.26","2,632.36","","-0.01%"
"2026- 02- 27","2,664.56","2,651.80","2,666.59","2,646.66","","-0.47%"
"2026- 02- 26","2,677.23","2,693.00","2,693.38","2,658.12","","-0.56%"
"2026- 02- 25","2,692.31","2,681.10","2,694.55","2,680.72","","0.80%"
"2026- 02- 24","2,670.85","2,649.28","2,674.03","2,641.64","","0.74%"
"2026- 02- 23","2,651.31","2,672.48","2,680.81","2,643.57","","-1.03%"
"2026- 02- 20","2,678.87","2,651.02","2,680.90","2,648.98","","0.69%"
"2026- 02- 19","2,660.49","2,657.79","2,666.98","2,648.98","","-0.25%"
"2026- 02- 18","2,667.27","2,660.01","2,678.97","2,654.80","","0.46%"
"2026- 02- 17","2,655.08","2,643.77","2,662.92","2,627.14","","0.20%"
"2026- 02- 13","2,649.76","2,650.82","2,668.34","2,634.68","","-0.04%"
"2026- 02- 12","2,650.73","2,700.25","2,704.89","2,646.96","","-1.52%"
"2026- 02- 11","2,691.73","2,710.65","2,712.15","2,681.58","","-0.01%"
"2026- 02- 10","2,692.13","2,704.02","2,710.21","2,691.35","","-0.32%"
"2026- 02- 09","2,700.83","2,683.22","2,707.98","2,678.77","","0.48%"
"2026- 02- 06","2,687.97","2,653.35","2,694.45","2,650.92","","1.84%"
"2026- 02- 05","2,639.30","2,651.68","2,661.57","2,631.48","","-1.21%"
"2026- 02- 04","2,671.71","2,688.07","2,692.51","2,654.80","","-0.54%"
"2026- 02- 03","2,686.18","2,711.52","2,714.22","2,663.98","","-0.83%"
"2026- 02- 02","2,708.75","2,686.41","2,714.56","2,686.02","","0.55%"
"2026- 01- 30","2,693.96","2,694.06","2,704.02","2,676.56","","-0.39%"
"2026- 01- 29","2,704.50","2,713.69","2,716.11","2,668.81","","-0.18%"
"2026- 01- 28","2,709.25","2,716.98","2,719.79","2,705.13","","-0.08%"
"2026- 01- 27","2,711.46","2,706.25","2,715.05","2,703.44","","0.42%"
"2026- 01- 26","2,700.24","2,691.16","2,705.96","2,689.51","","0.51%"
"2026- 01- 23","2,686.61","2,683.04","2,693.96","2,679.17","","-0.03%"
"2026- 01- 22","2,687.29","2,690.19","2,695.70","2,679.45","","0.53%"
"2026- 01- 21","2,673.07","2,652.57","2,686.61","2,645.17","","1.13%"
"2026- 01- 20","2,643.19","2,658.47","2,671.04","2,639.31","","-2.06%"
"2026- 01- 16","2,698.89","2,706.63","2,708.46","2,692.85","","-0.11%"
"2026- 01- 15","2,701.98","2,711.66","2,714.56","2,698.32","","0.24%"
"2026- 01- 14","2,695.60","2,696.72","2,699.77","2,678.34","","-0.46%"
"2026- 01- 13","2,708.08","2,716.11","2,717.18","2,698.98","","-0.22%"
"2026- 01- 12","2,714.18","2,695.42","2,717.56","2,695.31","","0.16%"
"2026- 01- 09","2,709.73","2,696.87","2,714.66","2,690.96","","0.62%"
"2026- 01- 08","2,692.98","2,689.61","2,697.25","2,684.87","","-0.03%"
"2026- 01- 07","2,693.77","2,703.43","2,710.50","2,692.42","","-0.33%"
"2026- 01- 06","2,702.75","2,686.85","2,704.50","2,686.75","","0.59%"
"2026- 01- 05","2,686.99","2,681.19","2,693.77","2,681.19","","0.66%"
"2026- 01- 02","2,669.39","2,680.41","2,684.38","2,656.43","","0.13%"
"2025- 12- 31","2,665.92","2,687.39","2,687.48","2,665.53","","-0.78%"
"2025- 12- 30","2,687.00","2,688.63","2,692.90","2,684.96","","-0.14%"
"2025- 12- 29","2,690.77","2,688.16","2,695.40","2,683.32","","-0.35%"
"2025- 12- 26","2,700.34","2,701.35","2,705.56","2,696.09","","-0.03%"
"2025- 12- 24","2,701.02","2,692.02","2,703.25","2,691.45","","0.31%"
"2025- 12- 23","2,692.79","2,676.01","2,693.81","2,676.01","","0.46%"
"2025- 12- 22","2,680.52","2,677.71","2,683.23","2,672.68","","0.61%"
"2025- 12- 19","2,664.37","2,647.25","2,666.69","2,646.86","","0.86%"
"2025- 12- 18","2,641.74","2,645.41","2,658.27","2,635.26","","1.52%"
"2025- 12- 17","2,602.18","2,635.16","2,636.42","2,601.01","","-1.08%"
"2025- 12- 16","2,630.71","2,632.64","2,639.50","2,616.15","","-0.30%"
"2025- 12- 15","2,638.64","2,658.07","2,658.51","2,633.03","","-0.16%"
"2025- 12- 12","2,642.79","2,669.20","2,670.36","2,632.64","","-1.11%"
"2025- 12- 11","2,672.39","2,657.31","2,672.78","2,645.41","","0.23%"
"2025- 12- 10","2,666.24","2,646.86","2,672.19","2,642.50","","0.64%"
"2025- 12- 09","2,649.18","2,649.28","2,658.66","2,647.92","","-0.13%"
"2025- 12- 08","2,652.57","2,664.17","2,664.17","2,644.25","","-0.29%"
"2025- 12- 05","2,660.30","2,659.44","2,671.14","2,656.33","","0.12%"
"2025- 12- 04","2,657.11","2,660.39","2,660.39","2,644.92","","0.09%"
"2025- 12- 03","2,654.60","2,641.44","2,658.76","2,638.55","","0.34%"
"2025- 12- 02","2,645.69","2,648.31","2,655.08","2,637.57","","0.15%"
"2025- 12- 01","2,641.73","2,636.22","2,651.99","2,635.25","","-0.45%"
"2025- 11- 28","2,653.73","2,643.77","2,655.08","2,642.79","","0.51%"
"2025- 11- 26","2,640.38","2,632.50","2,648.51","2,629.54","","0.65%"
"2025- 11- 25","2,623.45","2,597.73","2,627.52","2,582.26","","0.92%"
"2025- 11- 24","2,599.66","2,575.68","2,604.12","2,571.33","","1.48%"
"2025- 11- 21","2,561.65","2,546.38","2,583.12","2,529.93","","0.96%"
"2025- 11- 20","2,537.18","2,616.78","2,626.94","2,535.15","","-1.55%"
"2025- 11- 19","2,577.22","2,569.88","2,595.22","2,561.85","","0.35%"
"2025- 11- 18","2,568.23","2,575.10","2,586.90","2,551.11","","-0.80%"
"2025- 11- 17","2,589.03","2,605.08","2,620.65","2,576.06","","-0.94%"
"2025- 11- 14","2,613.69","2,590.38","2,628.68","2,580.71","","-0.08%"
"2025- 11- 13","2,615.72","2,648.41","2,649.95","2,609.81","","-1.67%"
"2025- 11- 12","2,660.11","2,666.10","2,666.30","2,650.82","","0.04%"
"2025- 11- 11","2,658.95","2,646.56","2,661.37","2,642.41","","0.25%"
"2025- 11- 10","2,652.37","2,637.04","2,655.86","2,628.19","","1.51%"
"2025- 11- 07","2,612.81","2,600.44","2,613.01","2,574.80","","0.07%"
"2025- 11- 06","2,611.08","2,634.97","2,638.73","2,605.09","","-1.09%"
"2025- 11- 05","2,639.98","2,630.62","2,652.77","2,626.65","","0.32%"
"2025- 11- 04","2,631.58","2,633.91","2,649.57","2,628.77","","-1.17%"
"2025- 11- 03","2,662.62","2,672.01","2,672.69","2,649.86","","0.13%"
"2025- 10- 31","2,659.23","2,669.39","2,670.08","2,647.64","","0.28%"
"2025- 10- 30","2,651.69","2,664.85","2,674.04","2,651.02","","-1.04%"
"2025- 10- 29","2,679.55","2,685.73","2,689.23","2,662.87","","0.01%"
"2025- 10- 28","2,679.26","2,679.16","2,686.52","2,670.56","","0.25%"
"2025- 10- 27","2,672.48","2,663.49","2,673.66","2,660.40","","1.20%"
"2025- 10- 24","2,640.67","2,638.45","2,646.38","2,635.55","","0.77%"
"2025- 10- 23","2,620.56","2,606.63","2,625.01","2,605.96","","0.56%"
"2025- 10- 22","2,606.05","2,622.40","2,622.59","2,588.44","","-0.52%"
"2025- 10- 21","2,619.69","2,620.46","2,626.55","2,614.94","","-0.03%"
"2025- 10- 20","2,620.36","2,604.50","2,623.95","2,604.40","","1.09%"
"2025- 10- 17","2,592.22","2,575.48","2,598.70","2,569.01","","0.47%"
"2025- 10- 16","2,580.04","2,604.22","2,611.37","2,565.82","","-0.66%"
"2025- 10- 15","2,597.25","2,604.50","2,617.55","2,573.36","","0.41%"
"2025- 10- 14","2,586.52","2,566.21","2,600.53","2,550.73","","-0.13%"
"2025- 10- 13","2,590.00","2,580.71","2,596.19","2,577.23","","1.50%"
"2025- 10- 10","2,551.69","2,624.61","2,632.94","2,550.15","","-2.72%"
"2025- 10- 09","2,623.07","2,632.07","2,634.19","2,615.53","","-0.31%"
"2025- 10- 08","2,631.20","2,620.65","2,631.77","2,616.88","","0.58%"
"2025- 10- 07","2,616.01","2,629.75","2,631.20","2,610.30","","-0.39%"
"2025- 10- 06","2,626.16","2,626.17","2,629.55","2,617.65","","0.36%"
"2025- 10- 03","2,616.69","2,619.59","2,630.43","2,613.02","","-0.05%"
"2025- 10- 02","2,617.94","2,622.59","2,622.79","2,608.07","","0.10%"
"2025- 10- 01","2,615.43","2,594.34","2,618.63","2,593.96","","0.34%"
"2025- 09- 30","2,606.63","2,593.48","2,608.67","2,589.32","","0.36%"
"2025- 09- 29","2,597.39","2,600.73","2,603.64","2,590.57","","0.26%"
"2025- 09- 26","2,590.58","2,582.06","2,592.71","2,575.48","","0.56%"
"2025- 09- 25","2,576.26","2,576.75","2,581.97","2,562.62","","-0.47%"
"2025- 09- 24","2,588.54","2,602.66","2,602.67","2,583.51","","-0.37%"
"2025- 09- 23","2,598.12","2,611.08","2,613.69","2,592.70","","-0.53%"
"2025- 09- 22","2,611.95","2,594.05","2,613.79","2,593.97","","0.45%"
"2025- 09- 19","2,600.25","2,596.57","2,603.97","2,586.99","","0.44%"
"2025- 09- 18","2,588.84","2,586.51","2,598.51","2,580.51","","1.32%"
"2025- 09- 17","2,555.03","2,557.98","2,564.31","2,535.65","","-0.10%"
"2025- 09- 16","2,557.69","2,564.07","2,564.66","2,554.89","","-0.15%"
"2025- 09- 15","2,561.47","2,557.21","2,562.14","2,555.85","","0.51%"
"2025- 09- 12","2,548.41","2,549.86","2,554.98","2,546.67","","-0.06%"
"2025- 09- 11","2,549.86","2,536.41","2,553.05","2,534.67","","0.79%"
"2025- 09- 10","2,529.75","2,535.40","2,538.55","2,523.36","","0.28%"
"2025- 09- 09","2,522.59","2,517.26","2,524.53","2,510.40","","0.23%"
"2025- 09- 08","2,516.68","2,516.69","2,520.85","2,510.88","","0.22%"
"2025- 09- 05","2,511.07","2,528.01","2,530.61","2,496.08","","-0.32%"
"2025- 09- 04","2,519.01","2,500.82","2,519.30","2,497.63","","0.83%"
"2025- 09- 03","2,498.22","2,495.02","2,500.64","2,486.12","","0.50%"
"2025- 09- 02","2,485.83","2,475.01","2,486.42","2,464.94","","-0.76%"
"2025- 08- 29","2,504.75","2,515.04","2,515.24","2,497.34","","-0.65%"
"2025- 08- 28","2,521.13","2,514.27","2,523.36","2,507.16","","0.33%"
"2025- 08- 27","2,512.73","2,504.40","2,515.34","2,503.92","","0.21%"
"2025- 08- 26","2,507.40","2,495.32","2,508.57","2,493.09","","0.41%"
"2025- 08- 25","2,497.25","2,502.86","2,507.79","2,496.67","","-0.43%"
"2025- 08- 22","2,508.08","2,478.29","2,513.01","2,476.94","","1.49%"
"2025- 08- 21","2,471.32","2,473.36","2,480.52","2,464.47","","-0.39%"
"2025- 08- 20","2,481.09","2,486.61","2,487.68","2,461.47","","-0.29%"
"2025- 08- 19","2,488.36","2,501.21","2,505.28","2,483.42","","-0.58%"
"2025- 08- 18","2,502.77","2,500.73","2,504.80","2,498.21","","-0.03%"
"2025- 08- 15","2,503.54","2,513.49","2,514.27","2,499.66","","-0.26%"
"2025- 08- 14","2,510.11","2,501.60","2,512.82","2,500.15","","-0.02%"
"2025- 08- 13","2,510.60","2,510.30","2,515.44","2,501.79","","0.34%"
"2025- 08- 12","2,501.99","2,484.86","2,502.77","2,479.07","","1.07%"
"2025- 08- 11","2,475.59","2,481.77","2,487.78","2,471.13","","-0.23%"
"2025- 08- 08","2,481.29","2,468.92","2,483.13","2,468.14","","0.73%"
"2025- 08- 07","2,463.20","2,477.90","2,481.30","2,450.64","","-0.05%"
"2025- 08- 06","2,464.37","2,451.22","2,467.76","2,447.25","","0.70%"
"2025- 08- 05","2,447.15","2,460.69","2,464.85","2,443.38","","-0.49%"
"2025- 08- 04","2,459.23","2,437.96","2,459.44","2,437.86","","1.46%"
"2025- 08- 01","2,423.74","2,438.97","2,441.54","2,413.89","","-1.71%"
"2025- 07- 31","2,465.91","2,494.34","2,495.31","2,459.82","","-0.37%"
"2025- 07- 30","2,475.19","2,480.62","2,486.99","2,463.11","","-0.13%"
"2025- 07- 29","2,478.30","2,490.09","2,491.25","2,474.42","","-0.26%"
"2025- 07- 28","2,484.67","2,487.29","2,489.02","2,479.35","","-0.05%"
"2025- 07- 25","2,485.94","2,478.10","2,487.77","2,477.03","","0.39%"
"2025- 07- 24","2,476.36","2,476.46","2,482.65","2,474.43","","0.04%"
"2025- 07- 23","2,475.30","2,465.24","2,475.30","2,457.98","","0.84%"
"2025- 07- 22","2,454.69","2,455.47","2,457.89","2,444.45","","-0.01%"
"2025- 07- 21","2,454.93","2,454.50","2,465.73","2,453.05","","0.16%"
"2025- 07- 18","2,450.92","2,456.92","2,457.21","2,446.29","","-0.08%"
"2025- 07- 17","2,452.85","2,439.51","2,454.70","2,438.15","","0.59%"
"2025- 07- 16","2,438.55","2,436.12","2,440.39","2,414.51","","0.31%"
"2025- 07- 15","2,431.01","2,452.48","2,453.24","2,430.42","","-0.41%"
"2025- 07- 14","2,441.06","2,433.90","2,442.90","2,429.64","","0.17%"
"2025- 07- 11","2,436.99","2,433.04","2,442.03","2,428.88","","-0.40%"
"2025- 07- 10","2,446.77","2,440.10","2,450.83","2,435.73","","0.29%"
"2025- 07- 09","2,439.80","2,434.48","2,442.99","2,427.90","","0.57%"
"2025- 07- 08","2,425.98","2,429.84","2,432.75","2,422.69","","-0.09%"
"2025- 07- 07","2,428.10","2,437.77","2,440.29","2,416.50","","-0.75%"
"2025- 07- 03","2,446.47","2,434.96","2,449.86","2,434.38","","0.78%"
"2025- 07- 02","2,427.52","2,415.73","2,427.90","2,413.40","","0.42%"
"2025- 07- 01","2,417.37","2,411.75","2,422.20","2,409.23","","-0.03%"
"2025- 06- 30","2,418.04","2,417.18","2,423.65","2,407.98","","0.45%"
"2025- 06- 27","2,407.11","2,400.59","2,413.50","2,392.22","","0.44%"
"2025- 06- 26","2,396.57","2,385.36","2,398.41","2,382.84","","0.80%"
"2025- 06- 25","2,377.61","2,381.30","2,382.94","2,371.91","","0.00%"
"2025- 06- 24","2,377.62","2,367.85","2,381.01","2,364.08","","1.14%"
"2025- 06- 23","2,350.73","2,330.91","2,352.48","2,318.72","","0.95%"
"2025- 06- 20","2,328.68","2,346.77","2,348.41","2,322.58","","0.62%"
"2025- 06- 18","2,314.37","2,318.05","2,329.11","2,311.07","","-0.04%"
"2025- 06- 17","2,315.24","2,325.29","2,331.46","2,312.15","","-0.87%"
"2025- 06- 16","2,335.64","2,326.65","2,342.22","2,326.45","","0.96%"
"2025- 06- 13","2,313.49","2,318.72","2,332.55","2,308.07","","-1.16%"
"2025- 06- 12","2,340.67","2,326.26","2,340.67","2,324.53","","0.35%"
"2025- 06- 11","2,332.46","2,342.61","2,346.09","2,323.60","","-0.27%"
"2025- 06- 10","2,338.74","2,327.33","2,340.10","2,323.31","","0.60%"
"2025- 06- 09","2,324.81","2,327.09","2,331.78","2,321.23","","0.06%"
"2025- 06- 06","2,323.36","2,322.19","2,330.72","2,315.24","","0.96%"
"2025- 06- 05","2,301.22","2,318.63","2,324.23","2,293.67","","-0.54%"
"2025- 06- 04","2,313.69","2,316.26","2,320.65","2,311.17","","0.00%"
"2025- 06- 03","2,313.59","2,298.89","2,317.66","2,297.35","","0.55%"
"2025- 06- 02","2,301.02","2,281.09","2,301.02","2,271.23","","0.58%"
"2025- 05- 30","2,287.67","2,285.83","2,295.02","2,264.46","","-0.19%"
"2025- 05- 29","2,291.93","2,303.82","2,304.11","2,276.46","","0.39%"
"2025- 05- 28","2,282.93","2,297.15","2,302.56","2,280.42","","-0.59%"
"2025- 05- 27","2,296.37","2,278.68","2,297.35","2,270.27","","2.04%"
"2025- 05- 23","2,250.54","2,237.09","2,260.49","2,236.61","","-0.67%"
"2025- 05- 22","2,265.72","2,264.94","2,280.43","2,260.31","","-0.07%"
"2025- 05- 21","2,267.36","2,287.68","2,304.02","2,262.43","","-1.65%"
"2025- 05- 20","2,305.47","2,306.44","2,309.72","2,292.98","","-0.39%"
"2025- 05- 19","2,314.56","2,286.32","2,316.21","2,286.12","","0.10%"
"2025- 05- 16","2,312.34","2,300.34","2,312.34","2,292.11","","0.69%"
"2025- 05- 15","2,296.48","2,278.59","2,299.57","2,276.55","","0.46%"
"2025- 05- 14","2,286.03","2,288.25","2,291.93","2,278.59","","0.10%"
"2025- 05- 13","2,283.81","2,270.17","2,292.61","2,268.43","","0.66%"
"2025- 05- 12","2,268.81","2,264.07","2,269.19","2,246.08","","3.30%"
"2025- 05- 09","2,196.38","2,205.32","2,208.76","2,190.77","","-0.12%"
"2025- 05- 08","2,198.99","2,200.68","2,220.84","2,187.05","","0.62%"
"2025- 05- 07","2,185.36","2,180.81","2,194.73","2,165.14","","0.43%"
"2025- 05- 06","2,175.97","2,172.49","2,193.86","2,169.19","","-0.85%"
"2025- 05- 05","2,194.54","2,192.22","2,207.21","2,187.97","","-0.57%"
"2025- 05- 02","2,207.21","2,199.37","2,214.47","2,190.97","","1.41%"
"2025- 05- 01","2,176.45","2,184.00","2,198.12","2,173.75","","0.79%"
"2025- 04- 30","2,159.33","2,133.27","2,168.72","2,110.54","","-0.03%"
"2025- 04- 29","2,160.02","2,139.26","2,165.23","2,138.84","","0.56%"
"2025- 04- 28","2,147.92","2,150.82","2,157.88","2,125.11","","0.07%"
"2025- 04- 25","2,146.37","2,131.05","2,148.70","2,120.12","","0.70%"
"2025- 04- 24","2,131.48","2,092.51","2,134.58","2,088.60","","2.05%"
"2025- 04- 23","2,088.74","2,107.98","2,127.18","2,083.15","","1.60%"
"2025- 04- 22","2,055.86","2,028.48","2,065.43","2,025.78","","2.43%"
"2025- 04- 21","2,007.01","2,032.94","2,035.65","1,983.75","","-2.35%"
"2025- 04- 17","2,055.27","2,059.72","2,073.16","2,044.78","","0.10%"
"2025- 04- 16","2,053.25","2,075.25","2,088.93","2,031.48","","-2.22%"
"2025- 04- 15","2,099.86","2,106.05","2,121.77","2,096.57","","-0.21%"
"2025- 04- 14","2,104.31","2,124.90","2,125.82","2,086.07","","0.87%"
"2025- 04- 11","2,086.23","2,043.96","2,095.56","2,032.45","","1.73%"
"2025- 04- 10","2,050.73","2,078.82","2,084.05","1,991.35","","-3.40%"
"2025- 04- 09","2,122.98","1,929.16","2,135.16","1,926.79","","9.33%"
"2025- 04- 08","1,941.83","2,040.28","2,051.73","1,911.61","","-1.47%"
"2025- 04- 07","1,970.84","1,911.47","2,043.76","1,882.88","","-0.33%"
"2025- 04- 04","1,977.33","2,050.57","2,055.71","1,974.52","","-5.95%"
"2025- 04- 03","2,102.38","2,132.31","2,143.18","2,100.15","","-4.83%"
"2025- 04- 02","2,209.14","2,172.35","2,220.17","2,170.75","","0.61%"
"2025- 04- 01","2,195.69","2,181.68","2,202.96","2,166.50","","0.39%"
"2025- 03- 31","2,187.10","2,152.42","2,194.25","2,140.86","","0.53%"
"2025- 03- 28","2,175.59","2,213.21","2,216.98","2,173.16","","-2.02%"
"2025- 03- 27","2,220.36","2,221.14","2,235.83","2,212.91","","-0.36%"
"2025- 03- 26","2,228.39","2,252.47","2,257.02","2,221.81","","-1.13%"
"2025- 03- 25","2,253.82","2,253.35","2,257.98","2,247.54","","0.20%"
"2025- 03- 24","2,249.27","2,237.38","2,253.35","2,234.48","","1.70%"
"2025- 03- 21","2,211.65","2,188.73","2,213.50","2,186.70","","0.03%"
"2025- 03- 20","2,210.89","2,202.65","2,230.13","2,199.08","","-0.26%"
"2025- 03- 19","2,216.59","2,199.08","2,232.07","2,195.80","","1.06%"
"2025- 03- 18","2,193.38","2,207.01","2,208.94","2,186.17","","-1.08%"
"2025- 03- 17","2,217.27","2,199.37","2,228.10","2,199.32","","1.74%"
"2025- 03- 14","2,179.26","2,156.14","2,185.16","2,154.35","","1.89%"
"2025- 03- 13","2,138.94","2,165.82","2,167.76","2,131.48","","-1.29%"
"2025- 03- 12","2,166.97","2,179.26","2,183.61","2,147.20","","0.49%"
"2025- 03- 11","2,156.43","2,170.94","2,182.94","2,141.15","","-0.79%"
"2025- 03- 10","2,173.65","2,201.60","2,208.90","2,155.47","","-2.69%"
"2025- 03- 07","2,233.71","2,215.61","2,240.10","2,194.73","","0.52%"
"2025- 03- 06","2,222.20","2,234.00","2,251.79","2,212.91","","-1.82%"
"2025- 03- 05","2,263.40","2,239.80","2,270.55","2,224.90","","0.91%"
"2025- 03- 04","2,243.00","2,251.50","2,272.88","2,222.30","","-1.11%"
"2025- 03- 03","2,268.13","2,315.23","2,319.88","2,252.27","","-1.67%"
"2025- 02- 28","2,306.73","2,275.00","2,309.82","2,262.43","","1.47%"
"2025- 02- 27","2,273.26","2,318.72","2,323.75","2,272.19","","-1.72%"
"2025- 02- 26","2,313.01","2,316.21","2,330.13","2,300.15","","0.15%"
"2025- 02- 25","2,309.54","2,319.98","2,323.94","2,291.93","","-0.53%"
"2025- 02- 24","2,321.91","2,340.86","2,344.25","2,319.10","","-0.43%"
"2025- 02- 21","2,331.96","2,373.46","2,373.46","2,330.80","","-1.76%"
"2025- 02- 20","2,373.75","2,378.59","2,379.06","2,360.98","","-0.37%"
"2025- 02- 19","2,382.65","2,372.69","2,385.36","2,371.13","","0.18%"
"2025- 02- 18","2,378.39","2,377.23","2,378.48","2,366.89","","0.04%"
"2025- 02- 17","2,377.47","2,376.74","2,377.90","2,373.84","","0.25%"
"2025- 02- 14","2,371.62","2,373.56","2,377.23","2,369.79","","-0.06%"
"2025- 02- 13","2,373.16","2,352.86","2,374.43","2,348.69","","0.98%"
"2025- 02- 12","2,350.06","2,333.32","2,353.82","2,330.32","","-0.29%"
"2025- 02- 11","2,356.82","2,345.89","2,359.14","2,345.79","","0.08%"
"2025- 02- 10","2,354.98","2,352.36","2,358.08","2,347.35","","0.60%"
"2025- 02- 07","2,340.96","2,364.07","2,368.72","2,337.19","","-0.91%"
"2025- 02- 06","2,362.43","2,361.47","2,362.91","2,348.22","","0.32%"
"2025- 02- 05","2,354.98","2,341.15","2,355.18","2,332.84","","0.40%"
"2025- 02- 04","2,345.69","2,329.84","2,347.64","2,328.19","","0.68%"
"2025- 02- 03","2,329.75","2,308.36","2,340.10","2,301.89","","-0.73%"
"2025- 01- 31","2,346.96","2,367.94","2,378.19","2,343.57","","-0.54%"
"2025- 01- 30","2,359.82","2,356.05","2,366.01","2,343.09","","0.45%"
"2025- 01- 29","2,349.27","2,354.98","2,356.34","2,337.57","","-0.33%"
"2025- 01- 28","2,357.11","2,343.18","2,361.66","2,330.22","","0.78%"
"2025- 01- 27","2,338.82","2,321.23","2,339.71","2,320.07","","-1.42%"
"2025- 01- 24","2,372.49","2,379.64","2,383.61","2,368.34","","-0.32%"
"2025- 01- 23","2,380.12","2,365.34","2,380.12","2,364.26","","0.54%"
"2025- 01- 22","2,367.36","2,366.30","2,373.45","2,364.27","","0.55%"
"2025- 01- 21","2,354.31","2,346.08","2,354.70","2,338.15","","0.87%"
"2025- 01- 17","2,334.00","2,331.86","2,341.06","2,326.36","","0.97%"
"2025- 01- 16","2,311.47","2,321.22","2,322.59","2,309.33","","-0.23%"
"2025- 01- 15","2,316.89","2,308.66","2,321.43","2,302.95","","1.81%"
"2025- 01- 14","2,275.78","2,283.32","2,286.12","2,260.39","","0.16%"
"2025- 01- 13","2,272.20","2,250.53","2,273.84","2,248.99","","0.12%"
"2025- 01- 10","2,269.39","2,290.28","2,290.28","2,261.45","","-1.54%"
"2025- 01- 08","2,304.99","2,302.09","2,310.11","2,289.02","","0.06%"
"2025- 01- 07","2,303.53","2,337.76","2,338.55","2,296.08","","-1.10%"
"2025- 01- 06","2,329.26","2,332.45","2,347.34","2,323.20","","0.51%"
"2025- 01- 03","2,317.41","2,299.66","2,319.78","2,295.79","","1.23%"
"2025- 01- 02","2,289.22","2,306.63","2,315.14","2,272.78","","-0.30%"
"2024- 12- 31","2,296.18","2,310.59","2,313.30","2,289.31","","-0.38%"
"2024- 12- 30","2,304.89","2,303.15","2,317.93","2,289.80","","-1.14%"
"2024- 12- 27","2,331.49","2,340.57","2,342.41","2,314.76","","-1.11%"
"2024- 12- 26","2,357.68","2,351.89","2,362.62","2,345.80","","-0.07%"
"2024- 12- 24","2,359.24","2,339.03","2,359.34","2,337.39","","1.05%"
"2024- 12- 23","2,334.67","2,320.64","2,337.57","2,307.70","","0.55%"
"2024- 12- 20","2,322.01","2,284.47","2,340.66","2,282.45","","1.16%"
"2024- 12- 19","2,295.32","2,316.78","2,322.87","2,295.11","","-0.05%"
"2024- 12- 18","2,296.53","2,368.91","2,378.28","2,296.53","","-3.12%"
"2024- 12- 17","2,370.41","2,369.39","2,374.53","2,365.43","","-0.42%"
"2024- 12- 16","2,380.32","2,377.03","2,384.39","2,373.99","","1.62%"
"2024- 12- 13","2,342.31","2,349.95","2,353.82","2,337.09","","-0.09%"
"2024- 12- 12","2,344.43","2,352.66","2,354.98","2,344.43","","-0.54%"
"2024- 12- 11","2,357.21","2,350.15","2,360.59","2,349.18","","0.76%"
"2024- 12- 10","2,339.41","2,348.03","2,350.15","2,336.61","","-0.29%"
"2024- 12- 09","2,346.28","2,357.79","2,358.86","2,344.34","","-0.53%"
"2024- 12- 06","2,358.84","2,357.59","2,363.78","2,356.05","","0.16%"
"2024- 12- 05","2,355.18","2,359.24","2,362.53","2,354.40","","-0.16%"
"2024- 12- 04","2,358.95","2,351.89","2,360.30","2,349.38","","0.58%"
"2024- 12- 03","2,345.32","2,344.25","2,346.57","2,339.70","","0.03%"
"2024- 12- 02","2,344.53","2,342.80","2,347.45","2,340.57","","0.16%"
"2024- 11- 29","2,340.86","2,329.26","2,344.25","2,328.48","","0.60%"
"2024- 11- 27","2,326.84","2,333.91","2,335.26","2,321.51","","-0.41%"
"2024- 11- 26","2,336.32","2,328.59","2,337.95","2,325.57","","0.55%"
"2024- 11- 25","2,323.55","2,331.28","2,336.22","2,314.36","","0.33%"
"2024- 11- 22","2,316.01","2,308.66","2,318.33","2,306.91","","0.28%"
"2024- 11- 21","2,309.62","2,308.18","2,315.24","2,285.64","","0.56%"
"2024- 11- 20","2,296.86","2,297.44","2,298.60","2,274.81","","-0.02%"
"2024- 11- 19","2,297.34","2,275.68","2,300.72","2,273.45","","0.30%"
"2024- 11- 18","2,290.38","2,281.68","2,295.11","2,279.16","","0.44%"
"2024- 11- 15","2,280.41","2,296.28","2,298.51","2,273.55","","-1.40%"
"2024- 11- 14","2,312.82","2,327.32","2,328.78","2,309.34","","-0.59%"
"2024- 11- 13","2,326.64","2,327.42","2,334.57","2,318.24","","0.05%"
"2024- 11- 12","2,325.59","2,332.36","2,335.06","2,316.20","","-0.36%"
"2024- 11- 11","2,333.99","2,337.67","2,338.45","2,326.36","","0.13%"
"2024- 11- 08","2,330.90","2,323.64","2,336.61","2,323.36","","0.38%"
"2024- 11- 07","2,322.01","2,312.72","2,326.07","2,312.05","","0.77%"
"2024- 11- 06","2,304.21","2,296.09","2,308.18","2,282.93","","2.48%"
"2024- 11- 05","2,248.51","2,224.91","2,248.60","2,224.91","","1.21%"
"2024- 11- 04","2,221.72","2,227.71","2,232.55","2,214.46","","-0.29%"
"2024- 11- 01","2,228.20","2,227.80","2,245.02","2,225.39","","0.37%"
"2024- 10- 31","2,219.88","2,245.80","2,246.18","2,219.30","","-1.95%"
"2024- 10- 30","2,264.07","2,269.20","2,277.13","2,261.47","","-0.32%"
"2024- 10- 29","2,271.32","2,263.88","2,275.78","2,258.27","","0.16%"
"2024- 10- 28","2,267.75","2,274.03","2,274.51","2,266.88","","0.27%"
"2024- 10- 25","2,261.66","2,271.61","2,282.64","2,257.49","","-0.05%"
"2024- 10- 24","2,262.72","2,265.43","2,265.43","2,252.66","","0.20%"
"2024- 10- 23","2,258.18","2,270.94","2,272.59","2,244.15","","-0.94%"
"2024- 10- 22","2,279.55","2,270.16","2,283.99","2,267.95","","-0.07%"
"2024- 10- 21","2,281.09","2,282.36","2,285.55","2,269.01","","-0.17%"
"2024- 10- 18","2,284.97","2,283.51","2,288.16","2,277.37","","0.35%"
"2024- 10- 17","2,277.03","2,291.93","2,291.93","2,276.55","","-0.03%"
"2024- 10- 16","2,277.71","2,267.55","2,279.55","2,264.36","","0.41%"
"2024- 10- 15","2,268.43","2,287.76","2,287.76","2,263.39","","-0.76%"
"2024- 10- 14","2,285.74","2,273.55","2,289.12","2,272.20","","0.84%"
"2024- 10- 11","2,266.78","2,253.43","2,269.97","2,252.95","","0.52%"
"2024- 10- 10","2,254.99","2,253.63","2,260.30","2,248.80","","-0.20%"
"2024- 10- 09","2,259.53","2,243.38","2,261.56","2,241.45","","0.72%"
"2024- 10- 08","2,243.47","2,233.12","2,246.18","2,229.84","","0.92%"
"2024- 10- 07","2,223.07","2,236.80","2,239.22","2,218.72","","-0.92%"
"2024- 10- 04","2,243.66","2,241.54","2,245.51","2,224.76","","0.87%"
"2024- 10- 03","2,224.22","2,222.39","2,231.97","2,215.14","","-0.17%"
"2024- 10- 02","2,228.00","2,223.36","2,232.84","2,214.75","","-0.02%"
"2024- 10- 01","2,228.39","2,247.34","2,247.34","2,218.04","","-0.90%"
"2024- 09- 30","2,248.60","2,236.41","2,251.41","2,226.84","","0.37%"
"2024- 09- 27","2,240.38","2,248.70","2,251.99","2,237.09","","-0.18%"
"2024- 09- 26","2,244.44","2,253.72","2,253.82","2,235.45","","0.37%"
"2024- 09- 25","2,236.22","2,240.86","2,242.99","2,231.68","","-0.19%"
"2024- 09- 24","2,240.57","2,237.57","2,240.96","2,226.36","","0.28%"
"2024- 09- 23","2,234.28","2,233.61","2,237.47","2,228.78","","0.22%"
"2024- 09- 20","2,229.36","2,228.78","2,233.70","2,218.04","","-0.25%"
"2024- 09- 19","2,234.86","2,235.45","2,242.61","2,223.74","","1.71%"
"2024- 09- 18","2,197.34","2,207.30","2,226.21","2,196.32","","-0.39%"
"2024- 09- 17","2,205.95","2,212.91","2,219.20","2,196.76","","0.07%"
"2024- 09- 16","2,204.30","2,200.43","2,205.95","2,193.47","","1.21%"
"2024- 09- 13","2,178.00","2,169.39","2,182.36","2,168.53","","0.50%"
"2024- 09- 12","2,167.16","2,152.28","2,168.91","2,143.38","","0.81%"
"2024- 09- 11","2,149.76","2,126.74","2,153.63","2,093.86","","0.95%"
"2024- 09- 10","2,129.45","2,127.13","2,129.93","2,107.89","","0.46%"
"2024- 09- 09","2,119.78","2,112.82","2,124.81","2,105.47","","1.12%"
"2024- 09- 06","2,096.38","2,133.90","2,140.09","2,093.38","","-1.72%"
"2024- 09- 05","2,133.03","2,139.22","2,149.66","2,124.13","","-0.27%"
"2024- 09- 04","2,138.74","2,136.41","2,152.66","2,133.61","","-0.28%"
"2024- 09- 03","2,144.64","2,176.84","2,177.51","2,134.39","","-2.04%"
"2024- 08- 30","2,189.32","2,178.72","2,191.05","2,164.36","","0.88%"
"2024- 08- 29","2,170.16","2,178.00","2,190.86","2,166.20","","0.00%"
"2024- 08- 28","2,170.26","2,181.68","2,183.41","2,157.78","","-0.63%"
"2024- 08- 27","2,184.09","2,175.59","2,185.35","2,171.14","","0.15%"
"2024- 08- 26","2,180.90","2,190.86","2,192.89","2,174.32","","-0.27%"
"2024- 08- 23","2,186.70","2,176.36","2,190.18","2,167.66","","1.00%"
"2024- 08- 22","2,165.04","2,188.64","2,190.96","2,159.72","","-0.82%"
"2024- 08- 21","2,182.84","2,178.58","2,187.67","2,171.81","","0.39%"
"2024- 08- 20","2,174.43","2,176.55","2,183.03","2,169.49","","-0.15%"
"2024- 08- 19","2,177.80","2,159.91","2,178.20","2,156.24","","0.92%"
"2024- 08- 16","2,157.98","2,148.11","2,160.89","2,146.47","","0.19%"
"2024- 08- 15","2,153.82","2,141.05","2,155.18","2,138.05","","1.68%"
"2024- 08- 14","2,118.24","2,114.95","2,122.78","2,104.11","","0.31%"
"2024- 08- 13","2,111.76","2,090.76","2,112.43","2,089.70","","1.67%"
"2024- 08- 12","2,077.03","2,081.87","2,087.38","2,069.15","","0.00%"
"2024- 08- 09","2,076.93","2,065.24","2,083.12","2,059.91","","0.42%"
"2024- 08- 08","2,068.33","2,043.28","2,071.61","2,034.96","","2.24%"
"2024- 08- 07","2,023.07","2,061.07","2,072.88","2,020.45","","-0.64%"
"2024- 08- 06","2,036.03","2,027.42","2,066.11","2,020.27","","0.82%"
"2024- 08- 05","2,019.39","1,992.99","2,042.21","1,991.06","","-2.89%"
"2024- 08- 02","2,079.55","2,089.46","2,095.31","2,062.72","","-1.93%"
"2024- 08- 01","2,120.55","2,158.18","2,166.49","2,106.43","","-1.37%"
"2024- 07- 31","2,149.95","2,145.02","2,161.85","2,139.03","","1.57%"
"2024- 07- 30","2,116.68","2,134.48","2,138.25","2,103.82","","-0.56%"
"2024- 07- 29","2,128.68","2,133.90","2,137.38","2,120.51","","0.07%"
"2024- 07- 26","2,127.22","2,119.39","2,138.55","2,116.30","","1.06%"
"2024- 07- 25","2,104.99","2,116.30","2,140.38","2,101.70","","-0.52%"
"2024- 07- 24","2,116.01","2,145.89","2,147.64","2,113.49","","-2.33%"
"2024- 07- 23","2,166.39","2,169.59","2,177.71","2,164.26","","-0.22%"
"2024- 07- 22","2,171.14","2,163.88","2,172.49","2,155.95","","1.06%"
"2024- 07- 19","2,148.31","2,162.62","2,167.95","2,144.15","","-0.73%"
"2024- 07- 18","2,164.07","2,186.70","2,190.09","2,155.08","","-0.77%"
"2024- 07- 17","2,180.90","2,188.39","2,194.34","2,179.36","","-1.42%"
"2024- 07- 16","2,212.34","2,204.59","2,213.11","2,201.41","","0.59%"
"2024- 07- 15","2,199.47","2,201.70","2,212.05","2,192.03","","0.40%"
"2024- 07- 12","2,190.76","2,183.99","2,208.07","2,182.93","","0.42%"
"2024- 07- 11","2,181.68","2,200.53","2,203.24","2,178.00","","-0.83%"
"2024- 07- 10","2,199.86","2,183.32","2,201.11","2,181.97","","0.97%"
"2024- 07- 09","2,178.62","2,180.70","2,183.80","2,177.42","","0.13%"
"2024- 07- 08","2,175.78","2,177.51","2,180.70","2,172.88","","0.06%"
"2024- 07- 05","2,174.43","2,163.39","2,176.26","2,160.78","","0.54%"
"2024- 07- 03","2,162.67","2,152.57","2,164.55","2,152.57","","0.39%"
"2024- 07- 02","2,154.30","2,133.90","2,154.41","2,133.61","","0.66%"
"2024- 07- 01","2,140.18","2,141.83","2,142.80","2,129.55","","0.20%"
"2024- 06- 28","2,135.84","2,148.31","2,160.49","2,132.55","","-0.48%"
"2024- 06- 27","2,146.18","2,142.99","2,148.80","2,139.32","","0.11%"
"2024- 06- 26","2,143.76","2,136.32","2,146.57","2,134.19","","0.09%"
"2024- 06- 25","2,141.83","2,137.28","2,142.99","2,132.45","","0.39%"
"2024- 06- 24","2,133.51","2,139.99","2,150.14","2,133.51","","-0.30%"
"2024- 06- 21","2,139.99","2,140.76","2,145.31","2,135.55","","-0.23%"
"2024- 06- 20","2,144.93","2,154.89","2,157.20","2,137.67","","-0.25%"
"2024- 06- 18","2,150.34","2,145.89","2,151.70","2,144.53","","0.23%"
"2024- 06- 17","2,145.51","2,125.68","2,151.11","2,123.84","","1.99%"
"2024- 06- 14","2,103.63","2,096.66","2,103.82","2,092.32","","-0.01%"
"2024- 06- 13","2,103.82","2,106.05","2,106.62","2,092.32","","0.20%"
"2024- 06- 12","2,099.57","2,101.01","2,110.01","2,095.70","","0.79%"
"2024- 06- 11","2,083.03","2,071.52","2,083.03","2,063.68","","0.27%"
"2024- 06- 10","2,077.32","2,068.43","2,079.07","2,066.30","","0.26%"
"2024- 06- 07","2,072.01","2,069.68","2,083.22","2,066.39","","-0.15%"
"2024- 06- 06","2,075.20","2,076.74","2,078.58","2,068.24","","-0.04%"
"2024- 06- 05","2,076.07","2,060.89","2,076.07","2,053.97","","1.19%"
"2024- 06- 04","2,051.70","2,044.73","2,054.99","2,038.55","","0.11%"
"2024- 06- 03","2,049.47","2,055.18","2,055.28","2,029.84","","0.07%"
"2024- 05- 31","2,048.11","2,033.99","2,049.95","2,013.88","","0.80%"
"2024- 05- 30","2,031.87","2,037.87","2,041.35","2,026.64","","-0.58%"
"2024- 05- 29","2,043.77","2,043.57","2,049.57","2,042.32","","-0.78%"
"2024- 05- 28","2,059.91","2,061.47","2,062.24","2,049.18","","0.06%"
"2024- 05- 24","2,058.76","2,050.34","2,061.56","2,048.41","","0.69%"
"2024- 05- 23","2,044.73","2,072.78","2,072.78","2,040.29","","-0.82%"
"2024- 05- 22","2,061.56","2,065.33","2,067.66","2,053.05","","-0.32%"
"2024- 05- 21","2,068.24","2,059.53","2,068.53","2,059.05","","0.25%"
"2024- 05- 20","2,063.01","2,060.98","2,068.91","2,059.91","","0.11%"
"2024- 05- 17","2,060.78","2,058.95","2,060.78","2,052.76","","0.10%"
"2024- 05- 16","2,058.76","2,063.11","2,069.11","2,057.78","","-0.22%"
"2024- 05- 15","2,063.20","2,049.66","2,064.46","2,045.31","","1.23%"
"2024- 05- 14","2,038.15","2,029.74","2,040.29","2,027.62","","0.44%"
"2024- 05- 13","2,029.26","2,035.84","2,035.84","2,024.62","","-0.03%"
"2024- 05- 10","2,029.84","2,032.84","2,036.12","2,024.42","","0.15%"
"2024- 05- 09","2,026.74","2,016.30","2,027.04","2,013.30","","0.51%"
"2024- 05- 08","2,016.49","2,008.65","2,018.23","2,008.65","","-0.01%"
"2024- 05- 07","2,016.68","2,017.94","2,021.90","2,013.79","","0.12%"
"2024- 05- 06","2,014.17","2,003.14","2,014.17","2,001.60","","1.02%"
"2024- 05- 03","1,993.86","1,994.06","1,998.21","1,983.41","","1.21%"
"2024- 05- 02","1,970.07","1,968.33","1,972.97","1,948.60","","0.89%"
"2024- 05- 01","1,952.66","1,956.14","1,982.55","1,950.72","","-0.36%"
"2024- 04- 30","1,959.62","1,984.82","1,988.73","1,959.62","","-1.59%"
"2024- 04- 29","1,991.35","1,991.92","1,993.77","1,980.41","","0.34%"
"2024- 04- 26","1,984.67","1,977.42","1,990.87","1,974.71","","0.96%"
"2024- 04- 25","1,965.71","1,948.80","1,969.30","1,942.99","","-0.52%"
"2024- 04- 24","1,975.97","1,980.03","1,982.36","1,966.01","","0.02%"
"2024- 04- 23","1,975.59","1,961.46","1,977.81","1,958.94","","1.14%"
"2024- 04- 22","1,953.24","1,946.47","1,963.88","1,936.61","","0.89%"
"2024- 04- 19","1,935.93","1,951.88","1,956.34","1,930.99","","-0.90%"
"2024- 04- 18","1,953.54","1,962.62","1,970.94","1,949.28","","-0.25%"
"2024- 04- 17","1,958.46","1,979.36","1,980.12","1,952.46","","-0.58%"
"2024- 04- 16","1,969.83","1,974.62","1,981.19","1,965.53","","-0.22%"
"2024- 04- 15","1,974.22","2,016.39","2,016.39","1,970.65","","-1.23%"
"2024- 04- 12","1,998.89","2,013.11","2,018.71","1,992.61","","-1.45%"
"2024- 04- 11","2,028.38","2,019.30","2,033.81","2,004.60","","0.72%"
"2024- 04- 10","2,013.79","2,011.17","2,021.81","2,005.86","","-1.04%"
"2024- 04- 09","2,034.96","2,039.61","2,040.29","2,015.13","","0.13%"
"2024- 04- 08","2,032.26","2,034.87","2,038.15","2,029.36","","-0.01%"
"2024- 04- 05","2,032.45","2,015.91","2,039.61","2,014.46","","1.13%"
"2024- 04- 04","2,009.82","2,052.28","2,053.53","2,009.62","","-1.35%"
"2024- 04- 03","2,037.38","2,030.41","2,042.70","2,030.12","","0.12%"
"2024- 04- 02","2,034.87","2,031.67","2,035.26","2,025.48","","-0.65%"
"2024- 04- 01","2,048.11","2,054.41","2,056.91","2,043.57","","-0.23%"
"2024- 03- 28","2,052.86","2,053.92","2,058.36","2,052.37","","-0.04%"
"2024- 03- 27","2,053.72","2,047.73","2,053.72","2,039.03","","0.83%"
"2024- 03- 26","2,036.80","2,046.09","2,047.54","2,036.22","","-0.26%"
"2024- 03- 25","2,042.21","2,041.25","2,045.89","2,040.47","","-0.27%"
"2024- 03- 22","2,047.73","2,051.01","2,052.57","2,046.47","","-0.15%"
"2024- 03- 21","2,050.72","2,056.43","2,059.05","2,050.53","","0.29%"
"2024- 03- 20","2,044.83","2,027.81","2,046.18","2,024.42","","0.87%"
"2024- 03- 19","2,027.13","2,013.79","2,028.78","2,009.82","","0.48%"
"2024- 03- 18","2,017.37","2,021.81","2,027.04","2,015.62","","0.61%"
"2024- 03- 15","2,005.17","2,005.86","2,012.14","1,999.18","","-0.67%"
"2024- 03- 14","2,018.62","2,026.93","2,027.52","2,007.02","","-0.28%"
"2024- 03- 13","2,024.33","2,028.00","2,029.36","2,018.71","","-0.15%"
"2024- 03- 12","2,027.42","2,014.17","2,029.64","2,003.92","","1.08%"
"2024- 03- 11","2,005.66","2,002.46","2,008.08","1,995.12","","1.10%"
"2024- 03- 08","1,983.90","1,998.02","2,008.76","1,981.48","","-0.66%"
"2024- 03- 07","1,997.15","1,990.18","2,000.05","1,986.03","","0.99%"
"2024- 03- 06","1,977.52","1,980.99","1,986.22","1,972.10","","0.52%"
"2024- 03- 05","1,967.27","1,979.07","1,981.19","1,958.76","","-1.04%"
"2024- 03- 04","1,987.87","1,987.47","1,995.12","1,986.61","","-0.12%"
"2024- 03- 01","1,990.18","1,975.01","1,991.92","1,973.55","","0.86%"
"2024- 02- 29","1,973.16","1,972.39","1,978.38","1,961.56","","0.38%"
"2024- 02- 28","1,965.62","1,962.23","1,968.13","1,960.79","","-0.17%"
"2024- 02- 27","1,969.01","1,967.65","1,969.59","1,960.25","","0.20%"
"2024- 02- 26","1,965.04","1,974.33","1,975.97","1,964.94","","-0.40%"
"2024- 02- 23","1,972.88","1,978.67","1,981.78","1,970.16","","0.03%"
"2024- 02- 22","1,972.30","1,958.27","1,975.88","1,954.50","","2.07%"
"2024- 02- 21","1,932.36","1,925.39","1,933.41","1,918.71","","0.05%"
"2024- 02- 20","1,931.48","1,934.67","1,937.38","1,922.59","","-0.54%"
"2024- 02- 16","1,941.92","1,951.21","1,955.28","1,939.89","","-0.52%"
"2024- 02- 15","1,951.98","1,942.03","1,952.95","1,939.80","","0.54%"
"2024- 02- 14","1,941.54","1,933.52","1,941.83","1,923.74","","0.95%"
"2024- 02- 13","1,923.36","1,923.55","1,929.64","1,909.72","","-1.38%"
"2024- 02- 12","1,950.34","1,951.02","1,959.82","1,947.54","","-0.03%"
"2024- 02- 09","1,951.02","1,941.92","1,952.95","1,940.87","","0.52%"
"2024- 02- 08","1,940.96","1,939.51","1,941.73","1,936.32","","0.03%"
"2024- 02- 07","1,940.29","1,933.22","1,941.92","1,929.84","","0.83%"
"2024- 02- 06","1,924.33","1,923.07","1,925.59","1,916.97","","0.25%"
"2024- 02- 05","1,919.49","1,923.16","1,925.39","1,910.31","","-0.37%"
"2024- 02- 02","1,926.55","1,908.27","1,933.32","1,906.91","","1.06%"
"2024- 02- 01","1,906.43","1,889.41","1,906.82","1,885.93","","1.19%"
"2024- 01- 31","1,883.99","1,904.79","1,907.31","1,883.99","","-1.62%"
"2024- 01- 30","1,914.94","1,913.88","1,917.56","1,911.76","","-0.09%"
"2024- 01- 29","1,916.59","1,902.66","1,917.16","1,900.63","","0.76%"
"2024- 01- 26","1,902.08","1,902.76","1,908.76","1,898.80","","-0.14%"
"2024- 01- 25","1,904.79","1,902.57","1,905.66","1,894.44","","0.52%"
"2024- 01- 24","1,894.92","1,904.40","1,908.37","1,893.86","","0.08%"
"2024- 01- 23","1,893.47","1,890.18","1,894.35","1,885.64","","0.28%"
"2024- 01- 22","1,888.25","1,889.99","1,894.83","1,885.55","","0.25%"
"2024- 01- 19","1,883.61","1,865.91","1,884.96","1,862.82","","1.22%"
"2024- 01- 18","1,860.88","1,851.79","1,863.30","1,845.31","","0.83%"
"2024- 01- 17","1,845.60","1,843.86","1,847.44","1,836.32","","-0.57%"
"2024- 01- 16","1,856.24","1,857.69","1,862.82","1,848.98","","-0.38%"
"2024- 01- 12","1,863.30","1,867.94","1,870.94","1,857.79","","0.04%"
"2024- 01- 11","1,862.62","1,867.37","1,869.20","1,846.57","","-0.10%"
"2024- 01- 10","1,864.56","1,855.17","1,867.85","1,854.02","","0.55%"
"2024- 01- 09","1,854.31","1,846.77","1,858.27","1,844.44","","-0.16%"
"2024- 01- 08","1,857.20","1,833.90","1,858.08","1,833.03","","1.39%"
"2024- 01- 05","1,831.78","1,829.45","1,841.35","1,825.97","","0.10%"
"2024- 01- 04","1,830.03","1,832.93","1,843.86","1,828.78","","-0.31%"
"2024- 01- 03","1,835.73","1,843.09","1,845.69","1,834.10","","-0.88%"
"2024- 01- 02","1,852.08","1,850.34","1,855.86","1,843.57","","-0.65%"
"2023- 12- 29","1,864.17","1,867.65","1,870.36","1,855.86","","-0.28%"
"2023- 12- 28","1,869.39","1,869.49","1,872.10","1,867.75","","-0.04%"
"2023- 12- 27","1,870.07","1,865.62","1,870.07","1,863.39","","0.19%"
"2023- 12- 26","1,866.59","1,860.40","1,870.16","1,860.11","","0.41%"
"2023- 12- 22","1,858.94","1,859.53","1,865.23","1,851.02","","0.17%"
"2023- 12- 21","1,855.76","1,849.28","1,856.05","1,839.80","","1.01%"
"2023- 12- 20","1,837.18","1,860.79","1,868.62","1,836.89","","-1.47%"
"2023- 12- 19","1,864.65","1,855.76","1,864.94","1,855.76","","0.57%"
"2023- 12- 18","1,854.12","1,849.66","1,857.60","1,849.28","","0.54%"
"2023- 12- 15","1,844.24","1,843.95","1,848.69","1,840.58","","-0.12%"
"2023- 12- 14","1,846.38","1,848.98","1,853.63","1,836.22","","0.24%"
"2023- 12- 13","1,841.92","1,818.04","1,842.89","1,816.97","","1.36%"
"2023- 12- 12","1,817.16","1,807.40","1,817.27","1,803.63","","0.41%"
"2023- 12- 11","1,809.82","1,801.16","1,810.20","1,800.05","","1.56%"
"2023- 12- 08","1,782.07","1,771.90","1,784.67","1,771.42","","0.39%"
"2023- 12- 07","1,775.10","1,769.88","1,777.90","1,767.94","","0.70%"
"2023- 12- 06","1,762.82","1,778.19","1,778.48","1,761.08","","-0.40%"
"2023- 12- 05","1,769.88","1,764.75","1,773.84","1,763.39","","-0.03%"
"2023- 12- 04","1,770.36","1,766.39","1,771.62","1,761.56","","-0.53%"
"2023- 12- 01","1,779.84","1,767.16","1,782.26","1,765.13","","0.51%"
"2023- 11- 30","1,770.74","1,766.30","1,771.33","1,758.27","","0.38%"
"2023- 11- 29","1,763.97","1,773.55","1,778.29","1,762.34","","-0.05%"
"2023- 11- 28","1,764.94","1,761.94","1,770.65","1,759.91","","0.04%"
"2023- 11- 27","1,764.27","1,764.94","1,767.85","1,762.43","","-0.16%"
"2023- 11- 24","1,767.16","1,766.49","1,767.85","1,765.23","","0.03%"
"2023- 11- 22","1,766.68","1,766.30","1,771.62","1,762.23","","0.35%"
"2023- 11- 21","1,760.60","1,760.49","1,761.94","1,755.57","","-0.24%"
"2023- 11- 20","1,764.85","1,750.83","1,768.13","1,750.54","","0.77%"
"2023- 11- 17","1,751.40","1,750.05","1,753.92","1,745.89","","0.09%"
"2023- 11- 16","1,749.86","1,745.89","1,750.92","1,741.54","","0.08%"
"2023- 11- 15","1,748.40","1,750.92","1,754.88","1,745.02","","0.20%"
"2023- 11- 14","1,744.92","1,735.73","1,750.05","1,734.87","","1.91%"
"2023- 11- 13","1,712.23","1,708.37","1,716.20","1,705.08","","-0.11%"
"2023- 11- 10","1,714.08","1,695.69","1,715.04","1,689.80","","1.58%"
"2023- 11- 09","1,687.47","1,704.88","1,705.66","1,686.03","","-0.86%"
"2023- 11- 08","1,702.08","1,702.66","1,705.08","1,692.61","","0.09%"
"2023- 11- 07","1,700.54","1,695.98","1,703.34","1,691.73","","0.26%"
"2023- 11- 06","1,696.18","1,695.60","1,697.92","1,688.55","","0.21%"
"2023- 11- 03","1,692.61","1,686.61","1,698.80","1,686.22","","0.92%"
"2023- 11- 02","1,677.22","1,661.37","1,677.90","1,661.37","","1.87%"
"2023- 11- 01","1,646.47","1,633.32","1,649.66","1,630.90","","1.01%"
"2023- 10- 31","1,629.93","1,621.42","1,630.52","1,614.08","","0.64%"
"2023- 10- 30","1,619.49","1,611.85","1,623.64","1,606.43","","1.16%"
"2023- 10- 27","1,600.92","1,614.75","1,615.53","1,594.83","","-0.47%"
"2023- 10- 26","1,608.46","1,622.59","1,626.55","1,604.98","","-1.21%"
"2023- 10- 25","1,628.19","1,645.21","1,645.21","1,626.26","","-1.44%"
"2023- 10- 24","1,651.98","1,648.89","1,657.02","1,641.15","","0.67%"
"2023- 10- 23","1,640.96","1,636.61","1,655.76","1,630.03","","-0.16%"
"2023- 10- 20","1,643.66","1,661.46","1,663.97","1,643.28","","-1.24%"
"2023- 10- 19","1,664.27","1,681.48","1,689.12","1,661.56","","-0.90%"
"2023- 10- 18","1,679.45","1,695.02","1,699.09","1,675.48","","-1.38%"
"2023- 10- 17","1,702.95","1,690.77","1,711.08","1,689.12","","0.03%"
"2023- 10- 16","1,702.37","1,694.44","1,707.49","1,693.77","","0.98%"
"2023- 10- 13","1,685.93","1,700.43","1,705.08","1,679.45","","-0.51%"
"2023- 10- 12","1,694.54","1,706.82","1,708.76","1,684.96","","-0.65%"
"2023- 10- 11","1,705.57","1,703.63","1,706.53","1,693.38","","0.38%"
"2023- 10- 10","1,699.09","1,692.80","1,709.43","1,691.15","","0.52%"
"2023- 10- 09","1,690.29","1,671.81","1,692.61","1,669.78","","0.66%"
"2023- 10- 06","1,679.16","1,650.92","1,686.03","1,644.83","","1.15%"
"2023- 10- 05","1,660.11","1,659.82","1,663.59","1,647.24","","-0.12%"
"2023- 10- 04","1,662.05","1,651.50","1,664.85","1,645.98","","0.69%"
"2023- 10- 03","1,650.63","1,664.46","1,669.97","1,644.63","","-1.33%"
"2023- 10- 02","1,672.88","1,670.07","1,677.81","1,661.85","","-0.06%"
"2023- 09- 29","1,673.84","1,690.38","1,690.77","1,667.85","","-0.24%"
"2023- 09- 28","1,677.81","1,666.78","1,684.87","1,664.17","","0.54%"
"2023- 09- 27","1,668.82","1,673.55","1,675.68","1,654.69","","-0.02%"
"2023- 09- 26","1,669.11","1,682.36","1,684.29","1,665.62","","-1.46%"
"2023- 09- 25","1,693.77","1,682.07","1,694.24","1,680.41","","0.42%"
"2023- 09- 22","1,686.70","1,695.21","1,701.60","1,685.73","","-0.27%"
"2023- 09- 21","1,691.35","1,707.98","1,709.14","1,691.06","","-1.69%"
"2023- 09- 20","1,720.36","1,741.92","1,743.66","1,720.07","","-0.95%"
"2023- 09- 19","1,736.89","1,737.38","1,739.41","1,726.36","","-0.27%"
"2023- 09- 18","1,741.54","1,738.63","1,746.38","1,736.99","","0.08%"
"2023- 09- 15","1,740.09","1,755.86","1,756.05","1,739.03","","-1.24%"
"2023- 09- 14","1,761.94","1,757.60","1,764.75","1,751.79","","0.82%"
"2023- 09- 13","1,747.63","1,746.28","1,752.46","1,742.12","","0.08%"
"2023- 09- 12","1,746.18","1,749.86","1,755.66","1,743.66","","-0.59%"
"2023- 09- 11","1,756.53","1,756.05","1,757.60","1,748.51","","1.75%"
"2023- 09- 08","1,726.36","1,723.36","1,731.96","1,722.10","","0.15%"
"2023- 09- 07","1,723.74","1,716.49","1,725.68","1,715.53","","-0.35%"
"2023- 09- 06","1,729.74","1,738.44","1,738.44","1,720.36","","-0.69%"
"2023- 09- 05","1,741.73","1,747.35","1,748.80","1,741.44","","-0.42%"
"2023- 09- 01","1,749.09","1,757.02","1,759.05","1,743.77","","0.11%"
"2023- 08- 31","1,747.15","1,751.74","1,756.05","1,746.66","","-0.18%"
"2023- 08- 30","1,750.24","1,744.73","1,752.66","1,741.63","","0.39%"
"2023- 08- 29","1,743.38","1,718.13","1,744.15","1,717.16","","1.46%"
"2023- 08- 28","1,718.23","1,716.88","1,720.65","1,711.27","","0.62%"
"2023- 08- 25","1,707.60","1,702.76","1,713.01","1,688.84","","0.66%"
"2023- 08- 24","1,696.47","1,727.13","1,728.48","1,696.47","","-1.41%"
"2023- 08- 23","1,720.65","1,705.76","1,723.45","1,705.76","","1.09%"
"2023- 08- 22","1,702.17","1,713.88","1,713.88","1,700.05","","-0.28%"
"2023- 08- 21","1,706.91","1,700.05","1,710.11","1,691.54","","0.63%"
"2023- 08- 18","1,696.18","1,682.93","1,700.54","1,682.93","","0.03%"
"2023- 08- 17","1,695.60","1,714.65","1,716.01","1,693.95","","-0.83%"
"2023- 08- 16","1,709.82","1,720.56","1,727.33","1,709.43","","-0.76%"
"2023- 08- 15","1,722.88","1,735.73","1,737.18","1,720.45","","-1.18%"
"2023- 08- 14","1,743.47","1,730.90","1,743.47","1,728.96","","0.60%"
"2023- 08- 11","1,733.03","1,727.57","1,738.06","1,725.01","","-0.13%"
"2023- 08- 10","1,735.26","1,744.35","1,757.98","1,730.70","","-0.03%"
"2023- 08- 09","1,735.73","1,748.40","1,748.98","1,732.55","","-0.69%"
"2023- 08- 08","1,747.73","1,744.63","1,749.38","1,733.90","","-0.44%"
"2023- 08- 07","1,755.37","1,748.21","1,756.14","1,745.02","","0.86%"
"2023- 08- 04","1,740.47","1,755.17","1,764.27","1,738.63","","-0.46%"
"2023- 08- 03","1,748.51","1,745.98","1,756.34","1,743.28","","-0.36%"
"2023- 08- 02","1,754.79","1,767.16","1,767.75","1,751.69","","-1.41%"
"2023- 08- 01","1,779.93","1,779.55","1,782.74","1,776.07","","-0.31%"
"2023- 07- 31","1,785.44","1,783.90","1,786.80","1,778.67","","0.20%"
"2023- 07- 28","1,781.87","1,778.10","1,785.73","1,775.39","","0.93%"
"2023- 07- 27","1,765.42","1,790.87","1,792.41","1,762.05","","-0.69%"
"2023- 07- 26","1,777.71","1,773.84","1,783.22","1,769.78","","0.00%"
"2023- 07- 25","1,777.71","1,771.71","1,782.84","1,771.71","","0.25%"
"2023- 07- 24","1,773.26","1,769.97","1,776.36","1,767.56","","0.42%"
"2023- 07- 21","1,765.91","1,771.71","1,773.26","1,765.62","","-0.01%"
"2023- 07- 20","1,766.01","1,774.04","1,777.04","1,762.91","","-0.65%"
"2023- 07- 19","1,777.62","1,778.29","1,782.93","1,775.19","","0.17%"
"2023- 07- 18","1,774.62","1,760.11","1,777.22","1,758.37","","0.74%"
"2023- 07- 17","1,761.65","1,755.08","1,766.01","1,755.08","","0.33%"
"2023- 07- 14","1,755.86","1,760.88","1,764.17","1,753.24","","-0.09%"
"2023- 07- 13","1,757.40","1,750.92","1,760.69","1,749.28","","0.79%"
"2023- 07- 12","1,743.66","1,745.69","1,749.66","1,739.80","","0.76%"
"2023- 07- 11","1,730.52","1,722.68","1,732.26","1,718.53","","0.64%"
"2023- 07- 10","1,719.59","1,713.88","1,720.16","1,711.56","","0.24%"
"2023- 07- 07","1,715.42","1,716.30","1,731.38","1,714.65","","-0.26%"
"2023- 07- 06","1,719.97","1,719.01","1,721.62","1,709.82","","-0.83%"
"2023- 07- 05","1,734.38","1,730.12","1,737.29","1,730.12","","-0.20%"
"2023- 07- 03","1,737.77","1,733.90","1,738.44","1,733.03","","0.08%"
"2023- 06- 30","1,736.41","1,728.00","1,739.80","1,727.42","","1.22%"
"2023- 06- 29","1,715.42","1,707.40","1,716.59","1,706.05","","0.34%"
"2023- 06- 28","1,709.53","1,704.31","1,713.79","1,702.08","","0.01%"
"2023- 06- 27","1,709.43","1,694.15","1,711.65","1,692.32","","1.10%"
"2023- 06- 26","1,690.87","1,695.51","1,703.24","1,690.09","","-0.42%"
"2023- 06- 23","1,697.92","1,696.95","1,705.17","1,695.31","","-0.79%"
"2023- 06- 22","1,711.37","1,701.40","1,711.46","1,700.05","","0.33%"
"2023- 06- 21","1,705.66","1,710.40","1,713.68","1,703.54","","-0.56%"
"2023- 06- 20","1,715.23","1,715.71","1,719.30","1,706.34","","-0.44%"
"2023- 06- 16","1,722.78","1,738.15","1,738.15","1,722.10","","-0.41%"
"2023- 06- 15","1,729.93","1,705.76","1,735.15","1,705.08","","1.20%"
"2023- 06- 14","1,709.43","1,709.72","1,717.27","1,696.09","","0.05%"
"2023- 06- 13","1,708.65","1,703.72","1,710.98","1,700.72","","0.66%"
"2023- 06- 12","1,697.44","1,686.22","1,697.83","1,683.32","","1.93%"
"2023- 06- 09","1,665.23","1,666.30","1,673.26","1,661.37","","0.15%"
"2023- 06- 08","1,662.72","1,652.57","1,664.08","1,649.76","","0.56%"
"2023- 06- 07","1,653.43","1,660.69","1,665.23","1,651.69","","-0.35%"
"2023- 06- 06","1,659.23","1,653.92","1,661.37","1,651.31","","0.17%"
"2023- 06- 05","1,656.34","1,660.31","1,665.62","1,653.14","","-0.13%"
"2023- 06- 02","1,658.56","1,646.38","1,662.43","1,644.06","","1.40%"
"2023- 06- 01","1,635.64","1,621.71","1,639.99","1,616.30","","0.90%"
"2023- 05- 31","1,621.04","1,622.39","1,626.26","1,614.85","","-0.56%"
"2023- 05- 30","1,630.12","1,637.67","1,639.61","1,624.90","","0.01%"
"2023- 05- 26","1,629.93","1,611.94","1,632.93","1,611.56","","1.28%"
"2023- 05- 25","1,609.34","1,609.62","1,615.04","1,600.72","","0.82%"
"2023- 05- 24","1,596.28","1,601.69","1,602.86","1,591.63","","-0.76%"
"2023- 05- 23","1,608.56","1,620.16","1,623.69","1,606.62","","-1.12%"
"2023- 05- 22","1,626.74","1,626.84","1,633.03","1,621.52","","0.01%"
"2023- 05- 19","1,626.55","1,632.55","1,634.58","1,621.71","","-0.16%"
"2023- 05- 18","1,629.16","1,612.62","1,630.70","1,611.17","","0.96%"
"2023- 05- 17","1,613.68","1,602.86","1,616.49","1,596.18","","1.17%"
"2023- 05- 16","1,595.02","1,601.31","1,604.79","1,594.92","","-0.67%"
"2023- 05- 15","1,605.76","1,602.95","1,607.40","1,595.12","","0.32%"
"2023- 05- 12","1,600.63","1,607.79","1,608.46","1,590.67","","-0.13%"
"2023- 05- 11","1,602.66","1,602.46","1,603.92","1,594.44","","-0.20%"
"2023- 05- 10","1,605.86","1,610.60","1,612.91","1,590.96","","0.41%"
"2023- 05- 09","1,599.28","1,599.95","1,603.54","1,598.21","","-0.44%"
"2023- 05- 08","1,606.34","1,606.91","1,608.27","1,600.72","","0.05%"
"2023- 05- 05","1,605.57","1,591.06","1,610.40","1,590.58","","1.83%"
"2023- 05- 04","1,576.64","1,584.48","1,585.15","1,571.62","","-0.81%"
"2023- 05- 03","1,589.51","1,602.17","1,611.37","1,588.15","","-0.68%"
"2023- 05- 02","1,600.43","1,615.82","1,615.82","1,588.55","","-1.16%"
"2023- 05- 01","1,619.20","1,618.91","1,626.93","1,617.94","","-0.07%"
"2023- 04- 28","1,620.36","1,603.54","1,620.56","1,603.54","","0.85%"
"2023- 04- 27","1,606.72","1,586.03","1,608.27","1,585.15","","1.91%"
"2023- 04- 26","1,576.64","1,586.03","1,589.80","1,574.22","","-0.43%"
"2023- 04- 25","1,583.41","1,601.02","1,603.14","1,583.22","","-1.59%"
"2023- 04- 24","1,609.05","1,607.02","1,610.79","1,601.21","","0.08%"
"2023- 04- 21","1,607.69","1,607.40","1,609.53","1,599.76","","0.08%"
"2023- 04- 20","1,606.43","1,603.63","1,613.68","1,600.43","","-0.63%"
"2023- 04- 19","1,616.68","1,609.14","1,619.63","1,608.56","","-0.01%"
"2023- 04- 18","1,616.78","1,622.30","1,622.68","1,611.08","","0.06%"
"2023- 04- 17","1,615.82","1,609.91","1,615.82","1,604.79","","0.33%"
"2023- 04- 14","1,610.49","1,611.85","1,620.45","1,600.92","","-0.23%"
"2023- 04- 13","1,614.17","1,597.73","1,615.71","1,595.64","","1.29%"
"2023- 04- 12","1,593.57","1,608.76","1,609.62","1,591.44","","-0.42%"
"2023- 04- 11","1,600.34","1,602.08","1,606.05","1,597.35","","0.03%"
"2023- 04- 10","1,599.86","1,588.44","1,600.14","1,585.73","","0.08%"
"2023- 04- 06","1,598.60","1,588.93","1,599.66","1,584.96","","0.37%"
"2023- 04- 05","1,592.70","1,593.77","1,596.47","1,585.84","","-0.28%"
"2023- 04- 04","1,597.15","1,609.34","1,610.40","1,592.03","","-0.60%"
"2023- 04- 03","1,606.82","1,598.60","1,608.37","1,596.95","","0.36%"
"2023- 03- 31","1,601.02","1,582.55","1,601.88","1,582.36","","1.45%"
"2023- 03- 30","1,578.19","1,580.03","1,580.90","1,571.13","","0.54%"
"2023- 03- 29","1,569.68","1,564.17","1,571.04","1,559.82","","1.40%"
"2023- 03- 28","1,548.02","1,548.12","1,550.83","1,540.04","","-0.16%"
"2023- 03- 27","1,550.54","1,557.60","1,560.49","1,547.54","","0.14%"
"2023- 03- 24","1,548.31","1,532.84","1,548.51","1,523.26","","0.66%"
"2023- 03- 23","1,538.15","1,546.38","1,562.53","1,527.52","","0.18%"
"2023- 03- 22","1,535.44","1,561.27","1,575.78","1,535.44","","-1.69%"
"2023- 03- 21","1,561.76","1,555.37","1,564.08","1,548.89","","1.36%"
"2023- 03- 20","1,540.87","1,529.93","1,542.99","1,527.04","","0.93%"
"2023- 03- 17","1,526.64","1,541.15","1,544.15","1,521.33","","-1.18%"
"2023- 03- 16","1,544.83","1,508.94","1,546.77","1,506.91","","1.67%"
"2023- 03- 15","1,519.39","1,504.79","1,519.39","1,497.06","","-0.63%"
"2023- 03- 14","1,528.96","1,525.10","1,536.70","1,510.98","","1.64%"
"2023- 03- 13","1,504.31","1,490.38","1,523.69","1,485.93","","0.63%"
"2023- 03- 10","1,494.83","1,513.83","1,522.10","1,488.06","","-1.43%"
"2023- 03- 09","1,516.59","1,548.21","1,554.88","1,512.62","","-1.86%"
"2023- 03- 08","1,545.40","1,543.57","1,548.60","1,536.51","","0.13%"
"2023- 03- 07","1,543.38","1,567.45","1,568.13","1,540.67","","-1.55%"
"2023- 03- 06","1,567.75","1,570.27","1,579.16","1,566.01","","0.07%"
"2023- 03- 03","1,566.68","1,549.66","1,567.85","1,546.66","","1.62%"
"2023- 03- 02","1,541.73","1,522.39","1,545.40","1,520.94","","0.73%"
"2023- 03- 01","1,530.61","1,532.84","1,538.15","1,525.48","","-0.45%"
"2023- 02- 28","1,537.47","1,540.77","1,548.60","1,537.47","","-0.35%"
"2023- 02- 27","1,542.80","1,551.60","1,556.67","1,539.22","","0.30%"
"2023- 02- 24","1,538.15","1,534.29","1,541.15","1,527.22","","-1.05%"
"2023- 02- 23","1,554.50","1,558.85","1,560.60","1,537.77","","0.48%"
"2023- 02- 22","1,547.15","1,551.12","1,557.02","1,541.15","","-0.16%"
"2023- 02- 21","1,549.57","1,565.33","1,568.91","1,548.40","","-2.02%"
"2023- 02- 17","1,581.48","1,576.16","1,582.26","1,569.11","","-0.27%"
"2023- 02- 16","1,585.73","1,587.96","1,603.63","1,585.55","","-1.43%"
"2023- 02- 15","1,608.76","1,594.63","1,608.76","1,591.35","","0.31%"
"2023- 02- 14","1,603.83","1,598.21","1,613.01","1,587.67","","-0.05%"
"2023- 02- 13","1,604.60","1,589.12","1,605.08","1,586.89","","1.17%"
"2023- 02- 10","1,586.03","1,578.38","1,587.67","1,574.52","","0.18%"
"2023- 02- 09","1,583.12","1,611.76","1,611.76","1,577.90","","-0.91%"
"2023- 02- 08","1,597.73","1,607.20","1,612.34","1,594.44","","-1.09%"
"2023- 02- 07","1,615.33","1,590.87","1,620.07","1,585.73","","1.28%"
"2023- 02- 06","1,594.92","1,594.63","1,599.95","1,587.87","","-0.60%"
"2023- 02- 03","1,604.60","1,601.50","1,622.30","1,599.76","","-1.03%"
"2023- 02- 02","1,621.23","1,614.56","1,627.90","1,606.91","","1.38%"
"2023- 02- 01","1,599.18","1,577.04","1,610.31","1,566.92","","1.06%"
"2023- 01- 31","1,582.45","1,562.05","1,582.45","1,560.60","","1.43%"
"2023- 01- 30","1,560.20","1,568.71","1,577.42","1,558.85","","-1.26%"
"2023- 01- 27","1,580.03","1,572.10","1,589.61","1,571.42","","0.23%"
"2023- 01- 26","1,576.36","1,570.45","1,577.04","1,558.08","","1.07%"
"2023- 01- 25","1,559.72","1,541.35","1,561.17","1,533.52","","-0.01%"
"2023- 01- 24","1,559.91","1,554.60","1,563.20","1,549.66","","-0.10%"
"2023- 01- 23","1,561.46","1,546.47","1,569.20","1,542.61","","1.20%"
"2023- 01- 20","1,542.89","1,518.91","1,543.57","1,513.68","","1.86%"
"2023- 01- 19","1,514.65","1,517.07","1,524.22","1,509.43","","-0.77%"
"2023- 01- 18","1,526.36","1,556.29","1,560.11","1,525.68","","-1.61%"
"2023- 01- 17","1,551.31","1,554.98","1,560.88","1,548.60","","-0.19%"
"2023- 01- 13","1,554.31","1,535.93","1,556.62","1,534.38","","0.37%"
"2023- 01- 12","1,548.51","1,547.73","1,554.40","1,531.10","","0.33%"
"2023- 01- 11","1,543.47","1,531.38","1,543.77","1,527.71","","1.26%"
"2023- 01- 10","1,524.33","1,511.94","1,524.62","1,507.79","","0.70%"
"2023- 01- 09","1,513.79","1,523.84","1,536.99","1,513.39","","-0.06%"
"2023- 01- 06","1,514.75","1,493.86","1,519.78","1,481.78","","2.26%"
"2023- 01- 05","1,481.29","1,489.80","1,490.29","1,478.78","","-1.17%"
"2023- 01- 04","1,498.80","1,496.77","1,507.11","1,484.67","","0.73%"
"2023- 01- 03","1,487.87","1,501.21","1,509.05","1,476.07","","-0.40%"
"2022- 12- 30","1,493.86","1,486.51","1,493.95","1,478.48","","-0.27%"
"2022- 12- 29","1,497.83","1,483.81","1,501.88","1,481.48","","1.71%"
"2022- 12- 28","1,472.59","1,491.25","1,498.51","1,472.01","","-1.26%"
"2022- 12- 27","1,491.35","1,497.35","1,498.12","1,484.67","","-0.38%"
"2022- 12- 23","1,497.06","1,485.06","1,498.02","1,478.38","","0.53%"
"2022- 12- 22","1,489.22","1,497.54","1,499.09","1,465.62","","-1.47%"
"2022- 12- 21","1,511.37","1,499.28","1,515.91","1,497.54","","1.51%"
"2022- 12- 20","1,488.84","1,484.29","1,495.60","1,478.67","","0.08%"
"2022- 12- 19","1,487.58","1,501.02","1,502.17","1,480.70","","-0.84%"
"2022- 12- 16","1,500.24","1,507.02","1,513.01","1,491.54","","-1.26%"
"2022- 12- 15","1,519.39","1,538.55","1,541.35","1,512.05","","-2.55%"
"2022- 12- 14","1,559.14","1,567.65","1,581.87","1,546.95","","-0.60%"
"2022- 12- 13","1,568.62","1,601.02","1,601.02","1,558.08","","0.73%"
"2022- 12- 12","1,557.20","1,538.06","1,557.20","1,535.55","","2.25%"
"2022- 12- 09","1,522.88","1,529.74","1,539.41","1,522.30","","-0.72%"
"2022- 12- 08","1,533.99","1,529.36","1,538.44","1,523.55","","0.74%"
"2022- 12- 07","1,522.68","1,521.13","1,532.26","1,518.33","","-0.23%"
"2022- 12- 06","1,526.16","1,547.44","1,549.28","1,517.07","","-1.42%"
"2022- 12- 05","1,548.21","1,564.56","1,568.71","1,542.70","","-1.79%"
"2022- 12- 02","1,576.45","1,559.05","1,580.32","1,559.05","","-0.16%"
"2022- 12- 01","1,578.96","1,584.29","1,588.68","1,568.62","","-0.01%"
"2022- 11- 30","1,579.07","1,532.93","1,579.07","1,525.48","","3.03%"
"2022- 11- 29","1,532.64","1,534.96","1,539.99","1,524.90","","-0.21%"
"2022- 11- 28","1,535.84","1,547.44","1,554.12","1,532.07","","-1.59%"
"2022- 11- 25","1,560.60","1,558.56","1,562.53","1,557.31","","0.03%"
"2022- 11- 23","1,560.20","1,549.57","1,562.62","1,548.80","","0.59%"
"2022- 11- 22","1,551.12","1,539.12","1,551.98","1,533.12","","1.32%"
"2022- 11- 21","1,530.90","1,531.96","1,535.55","1,524.22","","-0.45%"
"2022- 11- 18","1,537.77","1,543.18","1,543.18","1,525.30","","0.47%"
"2022- 11- 17","1,530.52","1,515.23","1,532.74","1,514.17","","-0.29%"
"2022- 11- 16","1,534.96","1,539.99","1,544.24","1,532.84","","-0.81%"
"2022- 11- 15","1,547.44","1,558.37","1,562.14","1,531.96","","0.86%"
"2022- 11- 14","1,534.19","1,540.18","1,554.12","1,533.99","","-0.86%"
"2022- 11- 11","1,547.44","1,536.61","1,551.02","1,528.67","","1.00%"
"2022- 11- 10","1,532.07","1,506.72","1,533.70","1,497.54","","5.45%"
"2022- 11- 09","1,452.86","1,474.22","1,479.84","1,450.83","","-2.07%"
"2022- 11- 08","1,483.61","1,480.81","1,495.80","1,467.27","","0.50%"
"2022- 11- 07","1,476.16","1,467.94","1,478.38","1,459.14","","0.95%"
"2022- 11- 04","1,462.23","1,464.94","1,472.01","1,437.47","","1.40%"
"2022- 11- 03","1,442.03","1,442.51","1,453.83","1,433.32","","-1.07%"
"2022- 11- 02","1,457.69","1,492.70","1,510.60","1,457.69","","-2.51%"
"2022- 11- 01","1,495.21","1,516.88","1,517.94","1,490.47","","-0.47%"
"2022- 10- 31","1,502.28","1,502.57","1,510.20","1,498.40","","-0.70%"
"2022- 10- 28","1,512.82","1,477.13","1,515.04","1,477.04","","2.37%"
"2022- 10- 27","1,477.81","1,490.82","1,497.24","1,475.30","","-0.54%"
"2022- 10- 26","1,485.84","1,484.29","1,507.60","1,483.32","","-0.76%"
"2022- 10- 25","1,497.15","1,473.79","1,498.60","1,473.55","","1.63%"
"2022- 10- 24","1,473.16","1,462.91","1,478.48","1,451.50","","1.15%"
"2022- 10- 21","1,456.43","1,419.49","1,458.08","1,414.85","","2.45%"
"2022- 10- 20","1,421.62","1,431.87","1,449.47","1,418.42","","-0.88%"
"2022- 10- 19","1,434.29","1,434.87","1,446.95","1,422.59","","-0.69%"
"2022- 10- 18","1,444.24","1,460.02","1,460.98","1,430.52","","1.18%"
"2022- 10- 17","1,427.33","1,416.78","1,431.96","1,416.78","","2.51%"
"2022- 10- 14","1,392.41","1,434.38","1,440.87","1,389.51","","-2.23%"
"2022- 10- 13","1,424.13","1,358.56","1,430.32","1,354.88","","2.57%"
"2022- 10- 12","1,388.44","1,394.54","1,400.43","1,387.29","","-0.32%"
"2022- 10- 11","1,392.89","1,394.15","1,413.11","1,384.87","","-0.67%"
"2022- 10- 10","1,402.28","1,417.16","1,417.85","1,392.70","","-0.77%"
"2022- 10- 07","1,413.11","1,436.41","1,437.67","1,405.28","","-2.76%"
"2022- 10- 06","1,453.24","1,462.62","1,474.33","1,451.31","","-1.05%"
"2022- 10- 05","1,468.71","1,454.31","1,477.71","1,445.02","","-0.16%"
"2022- 10- 04","1,471.13","1,452.08","1,471.62","1,450.24","","3.10%"
"2022- 10- 03","1,426.93","1,406.24","1,435.64","1,399.47","","2.33%"
"2022- 09- 30","1,394.44","1,409.53","1,425.19","1,391.54","","-1.40%"
"2022- 09- 29","1,414.17","1,428.78","1,430.12","1,401.40","","-2.01%"
"2022- 09- 28","1,443.18","1,420.36","1,451.02","1,413.30","","1.91%"
"2022- 09- 27","1,416.20","1,434.58","1,443.47","1,406.53","","-0.27%"
"2022- 09- 26","1,419.97","1,427.62","1,442.80","1,414.94","","-1.05%"
"2022- 09- 23","1,435.06","1,444.44","1,444.44","1,416.01","","-1.63%"
"2022- 09- 22","1,458.85","1,468.33","1,472.48","1,456.05","","-0.88%"
"2022- 09- 21","1,471.81","1,503.83","1,517.94","1,471.81","","-1.77%"
"2022- 09- 20","1,498.31","1,502.28","1,505.86","1,486.89","","-1.15%"
"2022- 09- 19","1,515.71","1,490.96","1,515.71","1,490.96","","0.76%"
"2022- 09- 16","1,504.31","1,499.86","1,506.62","1,490.77","","-0.75%"
"2022- 09- 15","1,515.62","1,526.93","1,538.35","1,510.79","","-1.19%"
"2022- 09- 14","1,533.81","1,533.41","1,539.80","1,520.07","","0.33%"
"2022- 09- 13","1,528.78","1,562.05","1,566.97","1,523.93","","-4.33%"
"2022- 09- 12","1,597.92","1,589.03","1,600.54","1,587.67","","1.57%"
"2022- 09- 09","1,573.26","1,559.34","1,577.04","1,557.69","","1.54%"
"2022- 09- 08","1,549.38","1,528.87","1,551.40","1,525.39","","0.62%"
"2022- 09- 07","1,539.89","1,511.27","1,542.99","1,510.69","","1.82%"
"2022- 09- 06","1,512.43","1,522.30","1,525.68","1,503.63","","-0.43%"
"2022- 09- 02","1,518.91","1,550.05","1,554.69","1,511.17","","-1.04%"
"2022- 09- 01","1,534.87","1,521.13","1,536.03","1,510.20","","0.28%"
"2022- 08- 31","1,530.61","1,548.51","1,553.83","1,530.22","","-0.74%"
"2022- 08- 30","1,542.03","1,564.75","1,565.13","1,533.70","","-1.10%"
"2022- 08- 29","1,559.23","1,557.60","1,572.01","1,554.12","","-0.71%"
"2022- 08- 26","1,570.45","1,625.01","1,626.74","1,570.27","","-3.38%"
"2022- 08- 25","1,625.39","1,609.05","1,625.39","1,604.50","","1.42%"
"2022- 08- 24","1,602.57","1,597.24","1,608.65","1,594.44","","0.31%"
"2022- 08- 23","1,597.54","1,600.05","1,609.91","1,595.80","","-0.31%"
"2022- 08- 22","1,602.57","1,616.30","1,617.16","1,598.40","","-2.07%"
"2022- 08- 19","1,636.51","1,647.44","1,648.40","1,632.84","","-1.34%"
"2022- 08- 18","1,658.76","1,654.98","1,661.65","1,649.57","","0.25%"
"2022- 08- 17","1,654.69","1,651.69","1,665.42","1,646.09","","-0.69%"
"2022- 08- 16","1,666.20","1,658.46","1,674.04","1,655.28","","0.19%"
"2022- 08- 15","1,663.01","1,647.63","1,664.65","1,647.24","","0.42%"
"2022- 08- 12","1,656.05","1,637.29","1,656.62","1,632.93","","1.69%"
"2022- 08- 11","1,628.58","1,640.67","1,648.12","1,625.97","","0.01%"
"2022- 08- 10","1,628.38","1,624.33","1,629.64","1,616.59","","2.05%"
"2022- 08- 09","1,595.69","1,598.80","1,600.92","1,591.25","","-0.39%"
"2022- 08- 08","1,601.88","1,610.88","1,619.97","1,597.54","","-0.12%"
"2022- 08- 05","1,603.83","1,589.12","1,606.53","1,589.12","","-0.16%"
"2022- 08- 04","1,606.34","1,607.31","1,610.31","1,600.24","","-0.11%"
"2022- 08- 03","1,608.08","1,592.70","1,613.01","1,591.06","","1.54%"
"2022- 08- 02","1,583.70","1,586.89","1,602.46","1,579.16","","-0.63%"
"2022- 08- 01","1,593.77","1,587.87","1,604.31","1,585.06","","-0.36%"
"2022- 07- 29","1,599.47","1,582.26","1,602.57","1,578.96","","1.49%"
"2022- 07- 28","1,575.97","1,560.02","1,578.78","1,545.40","","1.25%"
"2022- 07- 27","1,556.53","1,532.26","1,563.59","1,529.84","","2.58%"
"2022- 07- 26","1,517.37","1,528.78","1,529.74","1,513.88","","-1.17%"
"2022- 07- 25","1,535.35","1,536.61","1,539.12","1,526.64","","0.07%"
"2022- 07- 22","1,534.29","1,548.51","1,553.43","1,524.81","","-0.89%"
"2022- 07- 21","1,548.12","1,530.52","1,548.12","1,520.45","","1.02%"
"2022- 07- 20","1,532.55","1,523.64","1,538.55","1,518.33","","0.67%"
"2022- 07- 19","1,522.30","1,499.86","1,525.30","1,496.47","","2.69%"
"2022- 07- 18","1,482.45","1,508.17","1,510.49","1,478.38","","-0.83%"
"2022- 07- 15","1,494.83","1,486.41","1,495.80","1,477.81","","1.86%"
"2022- 07- 14","1,467.56","1,451.50","1,469.78","1,440.58","","-0.26%"
"2022- 07- 13","1,471.33","1,456.62","1,483.12","1,454.98","","-0.54%"
"2022- 07- 12","1,479.36","1,489.80","1,499.38","1,471.90","","-0.87%"
"2022- 07- 11","1,492.41","1,498.80","1,502.37","1,489.41","","-1.14%"
"2022- 07- 08","1,509.62","1,503.92","1,517.07","1,497.83","","-0.06%"
"2022- 07- 07","1,510.60","1,496.66","1,514.08","1,496.66","","1.45%"
"2022- 07- 06","1,489.03","1,484.48","1,498.98","1,474.52","","0.37%"
"2022- 07- 05","1,483.52","1,460.02","1,483.52","1,448.40","","0.18%"
"2022- 07- 01","1,480.90","1,462.91","1,482.74","1,452.37","","0.93%"
"2022- 06- 30","1,467.27","1,461.65","1,478.67","1,447.44","","-0.72%"
"2022- 06- 29","1,477.90","1,481.96","1,485.44","1,470.65","","-0.14%"
"2022- 06- 28","1,480.03","1,517.12","1,527.90","1,478.96","","-2.01%"
"2022- 06- 27","1,510.40","1,519.97","1,520.74","1,505.86","","-0.32%"
"2022- 06- 24","1,515.18","1,483.22","1,515.23","1,482.26","","3.10%"
"2022- 06- 23","1,469.59","1,463.88","1,472.19","1,449.09","","0.96%"
"2022- 06- 22","1,455.66","1,440.18","1,472.01","1,438.93","","-0.14%"
"2022- 06- 21","1,457.69","1,445.51","1,463.68","1,445.51","","2.53%"
"2022- 06- 17","1,421.71","1,420.94","1,435.73","1,408.17","","0.03%"
"2022- 06- 16","1,421.33","1,434.10","1,435.84","1,408.94","","-3.11%"
"2022- 06- 15","1,466.97","1,460.98","1,486.03","1,440.87","","1.40%"
"2022- 06- 14","1,446.66","1,458.46","1,462.72","1,434.77","","-0.39%"
"2022- 06- 13","1,452.28","1,469.88","1,477.22","1,445.02","","-3.69%"
"2022- 06- 10","1,507.98","1,527.33","1,531.19","1,507.88","","-2.93%"
"2022- 06- 09","1,553.54","1,583.99","1,592.89","1,553.43","","-2.41%"
"2022- 06- 08","1,591.83","1,601.98","1,609.05","1,588.25","","-1.05%"
"2022- 06- 07","1,608.65","1,579.26","1,610.79","1,577.62","","0.95%"
"2022- 06- 06","1,593.47","1,605.86","1,612.43","1,588.93","","0.29%"
"2022- 06- 03","1,588.84","1,595.80","1,602.32","1,584.96","","-1.65%"
"2022- 06- 02","1,615.42","1,585.44","1,615.62","1,575.39","","1.87%"
"2022- 06- 01","1,585.73","1,607.31","1,611.17","1,575.30","","-0.82%"
"2022- 05- 31","1,598.89","1,601.21","1,612.14","1,587.18","","-0.55%"
"2022- 05- 27","1,607.69","1,578.67","1,607.88","1,578.19","","2.47%"
"2022- 05- 26","1,568.91","1,542.94","1,575.68","1,542.89","","1.99%"
"2022- 05- 25","1,538.25","1,518.62","1,546.38","1,517.21","","0.89%"
"2022- 05- 24","1,524.71","1,519.88","1,529.64","1,498.02","","-0.72%"
"2022- 05- 23","1,535.84","1,521.18","1,539.70","1,511.27","","1.80%"
"2022- 05- 20","1,508.65","1,522.30","1,524.33","1,473.07","","0.07%"
"2022- 05- 19","1,507.60","1,504.50","1,525.39","1,498.69","","-0.72%"
"2022- 05- 18","1,518.53","1,562.43","1,563.39","1,512.62","","-3.92%"
"2022- 05- 17","1,580.52","1,574.13","1,581.19","1,558.94","","1.96%"
"2022- 05- 16","1,550.14","1,549.66","1,564.08","1,539.56","","-0.30%"
"2022- 05- 13","1,554.88","1,536.80","1,561.27","1,531.96","","2.28%"
"2022- 05- 12","1,520.27","1,507.93","1,531.96","1,491.44","","-0.04%"
"2022- 05- 11","1,520.85","1,542.07","1,564.37","1,518.04","","-1.61%"
"2022- 05- 10","1,545.80","1,567.37","1,572.39","1,529.45","","0.19%"
"2022- 05- 09","1,542.89","1,568.95","1,573.93","1,536.12","","-3.17%"
"2022- 05- 06","1,593.38","1,592.89","1,606.34","1,571.62","","-0.65%"
"2022- 05- 05","1,603.83","1,644.24","1,644.63","1,586.03","","-3.45%"
"2022- 05- 04","1,661.08","1,615.91","1,664.37","1,602.76","","3.02%"
"2022- 05- 03","1,612.43","1,606.62","1,622.88","1,601.40","","0.42%"
"2022- 05- 02","1,605.76","1,596.86","1,611.17","1,569.11","","0.48%"
"2022- 04- 29","1,598.02","1,641.35","1,649.86","1,593.57","","-3.60%"
"2022- 04- 28","1,657.69","1,636.80","1,664.75","1,618.38","","2.57%"
"2022- 04- 27","1,616.20","1,616.88","1,638.63","1,608.27","","0.20%"
"2022- 04- 26","1,613.01","1,649.86","1,650.63","1,613.01","","-2.89%"
"2022- 04- 25","1,660.98","1,641.35","1,661.17","1,622.97","","0.56%"
"2022- 04- 22","1,651.69","1,693.09","1,694.44","1,649.28","","-2.77%"
"2022- 04- 21","1,698.80","1,738.93","1,744.24","1,694.54","","-1.43%"
"2022- 04- 20","1,723.36","1,732.26","1,734.67","1,719.11","","-0.09%"
"2022- 04- 19","1,724.90","1,697.54","1,727.90","1,696.66","","1.63%"
"2022- 04- 18","1,697.24","1,693.77","1,704.40","1,688.44","","-0.01%"
"2022- 04- 14","1,697.44","1,719.20","1,723.55","1,696.57","","-1.22%"
"2022- 04- 13","1,718.33","1,697.88","1,721.23","1,697.24","","1.12%"
"2022- 04- 12","1,699.28","1,717.45","1,727.71","1,692.80","","-0.40%"
"2022- 04- 11","1,706.05","1,722.68","1,725.01","1,703.54","","-1.69%"
"2022- 04- 08","1,735.35","1,736.89","1,746.86","1,728.87","","-0.24%"
"2022- 04- 07","1,739.51","1,727.71","1,746.95","1,719.49","","0.45%"
"2022- 04- 06","1,731.78","1,732.26","1,740.38","1,719.59","","-1.02%"
"2022- 04- 05","1,749.57","1,765.33","1,774.95","1,744.44","","-1.21%"
"2022- 04- 04","1,770.94","1,756.82","1,771.13","1,753.54","","0.88%"
"2022- 04- 01","1,755.57","1,757.20","1,758.08","1,741.44","","0.17%"
"2022- 03- 31","1,752.66","1,775.48","1,778.38","1,751.60","","-1.44%"
"2022- 03- 30","1,778.19","1,785.64","1,788.06","1,769.78","","-0.64%"
"2022- 03- 29","1,789.61","1,783.81","1,791.44","1,772.78","","1.26%"
"2022- 03- 28","1,767.27","1,752.41","1,767.37","1,744.73","","0.70%"
"2022- 03- 25","1,754.98","1,748.40","1,755.86","1,738.35","","0.54%"
"2022- 03- 24","1,745.60","1,728.10","1,745.98","1,723.84","","1.48%"
"2022- 03- 23","1,720.16","1,732.16","1,738.35","1,720.16","","-1.31%"
"2022- 03- 22","1,742.99","1,728.87","1,746.38","1,728.29","","1.18%"
"2022- 03- 21","1,722.59","1,722.30","1,730.32","1,707.98","","0.05%"
"2022- 03- 18","1,721.81","1,698.21","1,724.13","1,694.15","","1.11%"
"2022- 03- 17","1,702.86","1,675.59","1,702.86","1,673.64","","1.20%"
"2022- 03- 16","1,682.64","1,661.37","1,682.64","1,641.35","","2.20%"
"2022- 03- 15","1,646.47","1,622.30","1,649.09","1,616.78","","2.23%"
"2022- 03- 14","1,610.60","1,626.98","1,639.89","1,606.34","","-0.94%"
"2022- 03- 11","1,625.88","1,657.69","1,659.72","1,624.22","","-1.29%"
"2022- 03- 10","1,647.06","1,636.56","1,650.63","1,627.52","","-0.44%"
"2022- 03- 09","1,654.40","1,645.98","1,662.43","1,637.09","","2.63%"
"2022- 03- 08","1,612.05","1,624.22","1,653.72","1,607.69","","-0.76%"
"2022- 03- 07","1,624.33","1,670.16","1,671.52","1,623.84","","-2.99%"
"2022- 03- 04","1,674.33","1,672.30","1,677.71","1,656.34","","-0.73%"
"2022- 03- 03","1,686.61","1,705.03","1,707.40","1,679.45","","-0.48%"
"2022- 03- 02","1,694.73","1,674.22","1,701.12","1,670.85","","1.82%"
"2022- 03- 01","1,664.37","1,684.38","1,692.12","1,654.02","","-1.47%"
"2022- 02- 28","1,689.22","1,671.90","1,696.38","1,667.37","","-0.30%"
"2022- 02- 25","1,694.35","1,662.62","1,695.02","1,656.29","","2.31%"
"2022- 02- 24","1,656.14","1,591.15","1,659.34","1,589.70","","1.36%"
"2022- 02- 23","1,633.90","1,675.14","1,677.22","1,631.19","","-1.81%"
"2022- 02- 22","1,664.08","1,672.48","1,686.03","1,648.80","","-0.97%"
"2022- 02- 18","1,680.41","1,693.77","1,698.12","1,671.71","","-0.72%"
"2022- 02- 17","1,692.61","1,716.83","1,717.94","1,689.80","","-2.13%"
"2022- 02- 16","1,729.45","1,719.30","1,734.77","1,711.17","","0.17%"
"2022- 02- 15","1,726.55","1,718.23","1,727.81","1,716.11","","1.61%"
"2022- 02- 14","1,699.18","1,703.54","1,709.82","1,685.55","","-0.36%"
"2022- 02- 11","1,705.28","1,740.77","1,748.51","1,699.66","","-1.96%"
"2022- 02- 10","1,739.32","1,747.60","1,772.30","1,731.87","","-1.81%"
"2022- 02- 09","1,771.30","1,762.90","1,772.70","1,762.00","","1.47%"
"2022- 02- 08","1,745.60","1,729.80","1,749.80","1,724.00","","0.82%"
"2022- 02- 07","1,731.40","1,741.70","1,746.30","1,726.60","","-0.36%"
"2022- 02- 04","1,737.70","1,728.80","1,753.00","1,718.60","","0.47%"
"2022- 02- 03","1,729.60","1,746.20","1,754.00","1,726.40","","-2.30%"
"2022- 02- 02","1,770.30","1,764.00","1,774.00","1,754.60","","0.92%"
"2022- 02- 01","1,754.20","1,745.30","1,756.40","1,730.80","","0.69%"
"2022- 01- 31","1,742.10","1,708.10","1,743.70","1,703.30","","1.78%"
"2022- 01- 28","1,711.60","1,676.00","1,711.60","1,657.00","","2.50%"
"2022- 01- 27","1,669.90","1,697.70","1,710.20","1,663.30","","-0.52%"
"2022- 01- 26","1,678.70","1,707.70","1,719.80","1,661.80","","-0.23%"
"2022- 01- 25","1,682.50","1,677.60","1,703.00","1,654.60","","-1.28%"
"2022- 01- 24","1,704.40","1,671.50","1,705.90","1,630.40","","0.42%"
"2022- 01- 21","1,697.30","1,725.70","1,735.50","1,696.90","","-1.91%"
"2022- 01- 20","1,730.30","1,757.60","1,777.20","1,729.00","","-1.17%"
"2022- 01- 19","1,750.70","1,774.50","1,780.40","1,749.20","","-1.02%"
"2022- 01- 18","1,768.70","1,781.00","1,781.90","1,764.20","","-1.74%"
"2022- 01- 14","1,800.10","1,786.40","1,801.80","1,782.00","","-0.03%"
"2022- 01- 13","1,800.60","1,830.50","1,832.10","1,796.00","","-1.35%"
"2022- 01- 12","1,825.30","1,827.80","1,833.40","1,817.20","","0.30%"
"2022- 01- 11","1,819.80","1,803.00","1,820.50","1,790.20","","0.91%"
"2022- 01- 10","1,803.30","1,793.20","1,804.40","1,769.30","","-0.14%"
"2022- 01- 07","1,805.80","1,813.60","1,817.80","1,800.40","","-0.42%"
"2022- 01- 06","1,813.50","1,813.20","1,824.10","1,803.80","","-0.11%"
"2022- 01- 05","1,815.50","1,849.70","1,852.30","1,814.80","","-1.89%"
"2022- 01- 04","1,850.50","1,857.40","1,860.00","1,843.30","","-0.03%"
"2022- 01- 03","1,851.10","1,846.40","1,851.90","1,836.70","","0.58%"
"2021- 12- 31","1,840.50","1,844.00","1,848.50","1,840.50","","-0.30%"
"2021- 12- 30","1,846.10","1,852.60","1,856.70","1,844.30","","-0.26%"
"2021- 12- 29","1,851.00","1,849.50","1,855.20","1,845.30","","0.12%"
"2021- 12- 28","1,848.70","1,852.10","1,856.00","1,845.50","","-0.08%"
"2021- 12- 27","1,850.10","1,830.00","1,850.10","1,829.70","","1.41%"
"2021- 12- 23","1,824.30","1,817.10","1,830.20","1,816.50","","0.64%"
"2021- 12- 22","1,812.70","1,794.00","1,813.30","1,793.40","","0.98%"
"2021- 12- 21","1,795.10","1,778.30","1,795.70","1,768.80","","1.79%"
"2021- 12- 20","1,763.50","1,760.90","1,765.10","1,748.70","","-1.12%"
"2021- 12- 17","1,783.40","1,789.50","1,801.40","1,775.80","","-1.05%"
"2021- 12- 16","1,802.30","1,826.50","1,826.50","1,796.00","","-0.85%"
"2021- 12- 15","1,817.80","1,790.80","1,819.40","1,780.40","","1.52%"
"2021- 12- 14","1,790.60","1,788.80","1,799.50","1,778.20","","-0.65%"
"2021- 12- 13","1,802.40","1,817.90","1,818.60","1,801.90","","-1.08%"
"2021- 12- 10","1,822.10","1,816.90","1,823.00","1,806.30","","0.93%"
"2021- 12- 09","1,805.40","1,812.00","1,815.90","1,804.80","","-0.67%"
"2021- 12- 08","1,817.50","1,815.10","1,819.40","1,807.40","","0.31%"
"2021- 12- 07","1,811.90","1,798.60","1,815.20","1,798.00","","2.06%"
"2021- 12- 06","1,775.40","1,765.10","1,783.80","1,756.10","","1.15%"
"2021- 12- 03","1,755.30","1,778.70","1,781.80","1,737.90","","-0.89%"
"2021- 12- 02","1,771.10","1,744.30","1,777.00","1,743.50","","1.59%"
"2021- 12- 01","1,743.40","1,787.90","1,799.10","1,743.40","","-1.34%"
"2021- 11- 30","1,767.10","1,788.90","1,796.50","1,763.00","","-1.72%"
"2021- 11- 29","1,798.00","1,797.20","1,806.40","1,787.80","","1.03%"
"2021- 11- 26","1,779.70","1,789.80","1,796.20","1,772.60","","-2.10%"
"2021- 11- 24","1,817.90","1,805.00","1,818.20","1,801.40","","0.23%"
"2021- 11- 23","1,813.80","1,808.90","1,816.40","1,798.60","","0.19%"
"2021- 11- 22","1,810.30","1,823.40","1,833.70","1,810.30","","-0.30%"
"2021- 11- 19","1,815.70","1,818.60","1,823.60","1,814.40","","-0.17%"
"2021- 11- 18","1,818.80","1,817.20","1,820.00","1,806.40","","0.32%"
"2021- 11- 17","1,813.00","1,816.10","1,816.20","1,810.20","","-0.21%"
"2021- 11- 16","1,816.90","1,809.50","1,821.90","1,808.80","","0.36%"
"2021- 11- 15","1,810.30","1,814.80","1,815.00","1,805.60","","0.03%"
"2021- 11- 12","1,809.70","1,801.00","1,811.70","1,797.20","","0.75%"
"2021- 11- 11","1,796.20","1,801.70","1,801.70","1,795.80","","0.03%"
"2021- 11- 10","1,795.60","1,802.80","1,809.90","1,789.30","","-0.79%"
"2021- 11- 09","1,809.90","1,817.90","1,818.20","1,804.10","","-0.33%"
"2021- 11- 08","1,815.90","1,819.00","1,820.80","1,813.20","","0.08%"
"2021- 11- 05","1,814.50","1,817.60","1,822.70","1,808.30","","0.35%"
"2021- 11- 04","1,808.20","1,802.10","1,808.40","1,800.70","","0.47%"
"2021- 11- 03","1,799.70","1,786.40","1,800.90","1,784.60","","0.61%"
"2021- 11- 02","1,788.80","1,782.50","1,789.90","1,781.80","","0.42%"
"2021- 11- 01","1,781.40","1,782.70","1,784.00","1,774.50","","0.19%"
"2021- 10- 29","1,778.10","1,764.30","1,779.70","1,764.30","","0.21%"
"2021- 10- 28","1,774.40","1,764.00","1,775.00","1,764.00","","0.94%"
"2021- 10- 27","1,757.90","1,767.60","1,770.30","1,757.90","","-0.45%"
"2021- 10- 26","1,765.90","1,770.70","1,775.60","1,764.40","","0.11%"
"2021- 10- 25","1,764.00","1,759.20","1,765.50","1,752.00","","0.52%"
"2021- 10- 22","1,754.90","1,754.70","1,760.70","1,746.90","","-0.09%"
"2021- 10- 21","1,756.40","1,749.10","1,757.40","1,747.70","","0.27%"
"2021- 10- 20","1,751.60","1,747.20","1,753.20","1,746.60","","0.37%"
"2021- 10- 19","1,745.20","1,738.80","1,745.20","1,736.00","","0.74%"
"2021- 10- 18","1,732.40","1,719.40","1,732.90","1,716.50","","0.35%"
"2021- 10- 15","1,726.40","1,722.80","1,728.20","1,719.70","","0.78%"
"2021- 10- 14","1,713.10","1,700.40","1,714.10","1,698.30","","1.69%"
"2021- 10- 13","1,684.70","1,683.70","1,688.20","1,671.00","","0.34%"
"2021- 10- 12","1,679.00","1,687.30","1,688.40","1,675.80","","-0.23%"
"2021- 10- 11","1,682.80","1,693.30","1,704.80","1,682.80","","-0.74%"
"2021- 10- 08","1,695.30","1,702.80","1,703.20","1,693.00","","-0.16%"
"2021- 10- 07","1,698.00","1,697.80","1,710.20","1,697.10","","0.83%"
"2021- 10- 06","1,684.00","1,661.90","1,685.00","1,655.60","","0.45%"
"2021- 10- 05","1,676.50","1,666.60","1,686.50","1,663.10","","0.99%"
"2021- 10- 04","1,660.00","1,676.70","1,680.40","1,651.00","","-1.23%"
"2021- 10- 01","1,680.60","1,669.30","1,688.70","1,654.70","","1.06%"
"2021- 09- 30","1,663.00","1,688.90","1,691.70","1,662.40","","-1.16%"
"2021- 09- 29","1,682.60","1,685.70","1,692.80","1,680.70","","0.10%"
"2021- 09- 28","1,681.00","1,702.20","1,704.50","1,677.00","","-1.98%"
"2021- 09- 27","1,715.00","1,714.50","1,720.10","1,712.00","","-0.27%"
"2021- 09- 24","1,719.70","1,709.60","1,722.50","1,709.40","","0.20%"
"2021- 09- 23","1,716.20","1,703.30","1,723.40","1,703.00","","1.19%"
"2021- 09- 22","1,696.00","1,689.60","1,704.50","1,685.40","","0.98%"
"2021- 09- 21","1,679.60","1,691.20","1,696.20","1,677.70","","-0.15%"
"2021- 09- 20","1,682.10","1,683.00","1,690.90","1,661.20","","-1.65%"
"2021- 09- 17","1,710.40","1,722.20","1,725.30","1,708.50","","-0.94%"
"2021- 09- 16","1,726.60","1,728.60","1,731.70","1,715.00","","-0.20%"
"2021- 09- 15","1,730.00","1,717.70","1,732.20","1,712.80","","0.83%"
"2021- 09- 14","1,715.80","1,731.70","1,731.90","1,711.90","","-0.54%"
"2021- 09- 13","1,725.10","1,733.70","1,734.30","1,715.70","","0.02%"
"2021- 09- 10","1,724.80","1,746.50","1,747.80","1,724.10","","-0.75%"
"2021- 09- 09","1,737.90","1,744.60","1,751.90","1,737.30","","-0.45%"
"2021- 09- 08","1,745.80","1,745.50","1,748.30","1,738.00","","-0.14%"
"2021- 09- 07","1,748.20","1,752.60","1,752.60","1,745.30","","-0.33%"
"2021- 09- 03","1,754.00","1,751.70","1,756.20","1,748.40","","-0.01%"
"2021- 09- 02","1,754.10","1,755.20","1,757.60","1,749.70","","0.30%"
"2021- 09- 01","1,748.80","1,752.10","1,754.30","1,748.40","","0.01%"
"2021- 08- 31","1,748.60","1,750.80","1,751.80","1,746.20","","-0.11%"
"2021- 08- 30","1,750.60","1,746.20","1,754.10","1,745.00","","0.42%"
"2021- 08- 27","1,743.20","1,731.30","1,744.60","1,730.80","","0.90%"
"2021- 08- 26","1,727.70","1,736.80","1,737.60","1,727.30","","-0.60%"
"2021- 08- 25","1,738.20","1,735.30","1,740.00","1,733.50","","0.25%"
"2021- 08- 24","1,733.90","1,734.20","1,736.40","1,732.20","","0.14%"
"2021- 08- 23","1,731.40","1,723.50","1,735.30","1,723.50","","0.88%"
"2021- 08- 20","1,716.30","1,703.90","1,717.80","1,702.40","","0.76%"
"2021- 08- 19","1,703.30","1,688.70","1,707.70","1,688.40","","0.14%"
"2021- 08- 18","1,700.90","1,714.00","1,721.20","1,699.30","","-1.06%"
"2021- 08- 17","1,719.10","1,720.00","1,722.60","1,706.80","","-0.66%"
"2021- 08- 16","1,730.60","1,721.80","1,731.00","1,714.80","","0.24%"
"2021- 08- 13","1,726.40","1,725.20","1,726.40","1,723.20","","0.18%"
"2021- 08- 12","1,723.30","1,717.00","1,723.70","1,713.90","","0.32%"
"2021- 08- 11","1,717.80","1,718.20","1,718.50","1,713.80","","0.25%"
"2021- 08- 10","1,713.60","1,713.90","1,716.90","1,710.90","","0.10%"
"2021- 08- 09","1,711.90","1,713.40","1,714.40","1,708.80","","-0.09%"
"2021- 08- 06","1,713.50","1,712.20","1,714.90","1,710.60","","0.17%"
"2021- 08- 05","1,710.60","1,704.60","1,710.70","1,703.20","","0.63%"
"2021- 08- 04","1,699.90","1,702.40","1,705.20","1,698.80","","-0.49%"
"2021- 08- 03","1,708.30","1,698.30","1,708.30","1,688.70","","0.83%"
"2021- 08- 02","1,694.20","1,705.30","1,707.40","1,693.40","","-0.23%"
"2021- 07- 30","1,698.10","1,696.20","1,704.00","1,695.30","","-0.50%"
"2021- 07- 29","1,706.70","1,703.60","1,710.90","1,703.60","","0.44%"
"2021- 07- 28","1,699.30","1,702.70","1,705.00","1,694.00","","-0.04%"
"2021- 07- 27","1,700.00","1,703.00","1,703.00","1,688.50","","-0.46%"
"2021- 07- 26","1,707.80","1,701.30","1,707.80","1,701.10","","0.28%"
"2021- 07- 23","1,703.00","1,694.70","1,705.00","1,691.50","","0.97%"
"2021- 07- 22","1,686.60","1,684.00","1,687.30","1,679.50","","0.23%"
"2021- 07- 21","1,682.80","1,674.40","1,683.60","1,673.50","","0.80%"
"2021- 07- 20","1,669.50","1,649.20","1,674.60","1,645.20","","1.48%"
"2021- 07- 19","1,645.10","1,650.00","1,652.60","1,634.20","","-1.53%"
"2021- 07- 16","1,670.70","1,688.60","1,688.70","1,669.00","","-0.75%"
"2021- 07- 15","1,683.40","1,684.60","1,686.80","1,676.20","","-0.37%"
"2021- 07- 14","1,689.70","1,694.50","1,696.10","1,684.60","","0.15%"
"2021- 07- 13","1,687.20","1,689.60","1,695.80","1,686.10","","-0.36%"
"2021- 07- 12","1,693.30","1,686.90","1,693.60","1,684.80","","0.37%"
"2021- 07- 09","1,687.10","1,675.50","1,688.00","1,674.50","","1.10%"
"2021- 07- 08","1,668.80","1,659.20","1,672.10","1,656.00","","-0.81%"
"2021- 07- 07","1,682.50","1,679.80","1,683.90","1,671.30","","0.37%"
"2021- 07- 06","1,676.30","1,680.60","1,680.90","1,665.60","","-0.21%"
"2021- 07- 02","1,679.80","1,671.90","1,681.60","1,670.80","","0.73%"
"2021- 07- 01","1,667.70","1,661.50","1,667.80","1,660.90","","0.55%"
"2021- 06- 30","1,658.60","1,655.20","1,660.90","1,655.00","","0.14%"
"2021- 06- 29","1,656.20","1,657.80","1,659.90","1,654.60","","0.02%"
"2021- 06- 28","1,655.80","1,654.70","1,656.40","1,649.80","","0.21%"
"2021- 06- 25","1,652.30","1,650.10","1,654.30","1,648.30","","0.35%"
"2021- 06- 24","1,646.50","1,646.00","1,648.20","1,644.60","","0.59%"
"2021- 06- 23","1,636.80","1,639.40","1,642.40","1,636.80","","-0.12%"
"2021- 06- 22","1,638.70","1,630.10","1,642.20","1,627.10","","0.54%"
"2021- 06- 21","1,629.84","1,614.56","1,630.90","1,611.27","","1.44%"
"2021- 06- 18","1,606.72","1,616.20","1,618.33","1,606.34","","-1.37%"
"2021- 06- 17","1,628.96","1,628.29","1,633.32","1,619.30","","-0.04%"
"2021- 06- 16","1,629.55","1,640.18","1,640.67","1,621.62","","-0.61%"
"2021- 06- 15","1,639.61","1,643.28","1,643.28","1,635.73","","-0.19%"
"2021- 06- 14","1,642.70","1,639.03","1,642.70","1,634.29","","0.01%"
"2021- 06- 11","1,642.51","1,642.21","1,642.80","1,636.70","","0.19%"
"2021- 06- 10","1,639.32","1,637.38","1,643.66","1,632.07","","0.46%"
"2021- 06- 09","1,631.87","1,638.15","1,638.25","1,631.38","","-0.17%"
"2021- 06- 08","1,634.67","1,638.15","1,638.15","1,627.22","","0.01%"
"2021- 06- 07","1,634.48","1,636.03","1,636.51","1,630.52","","-0.08%"
"2021- 06- 04","1,635.73","1,629.07","1,637.09","1,628.48","","0.88%"
"2021- 06- 03","1,621.42","1,618.33","1,625.68","1,611.46","","-0.36%"
"2021- 06- 02","1,627.22","1,626.64","1,630.41","1,623.07","","0.19%"
"2021- 06- 01","1,624.13","1,635.93","1,636.32","1,622.88","","-0.10%"
"2021- 05- 28","1,625.68","1,629.93","1,630.70","1,625.30","","0.16%"
"2021- 05- 27","1,623.16","1,626.45","1,628.58","1,622.59","","0.06%"
"2021- 05- 26","1,622.19","1,621.81","1,624.33","1,617.27","","0.20%"
"2021- 05- 25","1,619.01","1,627.13","1,628.58","1,616.88","","-0.21%"
"2021- 05- 24","1,622.48","1,615.82","1,627.13","1,614.56","","1.02%"
"2021- 05- 21","1,606.05","1,614.37","1,618.82","1,604.40","","-0.05%"
"2021- 05- 20","1,606.82","1,593.86","1,612.72","1,593.77","","1.01%"
"2021- 05- 19","1,590.77","1,574.22","1,590.87","1,569.20","","-0.27%"
"2021- 05- 18","1,595.12","1,610.20","1,610.60","1,594.15","","-0.82%"
"2021- 05- 17","1,608.37","1,608.08","1,611.85","1,600.43","","-0.25%"
"2021- 05- 14","1,612.43","1,599.95","1,616.30","1,599.95","","1.53%"
"2021- 05- 13","1,588.15","1,576.26","1,596.28","1,575.88","","1.17%"
"2021- 05- 12","1,569.78","1,591.35","1,597.15","1,567.27","","-2.12%"
"2021- 05- 11","1,603.72","1,598.12","1,607.69","1,587.96","","-0.90%"
"2021- 05- 10","1,618.23","1,636.03","1,636.41","1,617.94","","-0.99%"
"2021- 05- 07","1,634.48","1,625.97","1,637.09","1,623.07","","0.77%"
"2021- 05- 06","1,622.01","1,610.20","1,623.07","1,601.79","","0.78%"
"2021- 05- 05","1,609.43","1,616.11","1,616.97","1,606.72","","0.12%"
"2021- 05- 04","1,607.49","1,602.37","1,608.27","1,594.15","","-0.73%"
"2021- 05- 03","1,619.39","1,623.55","1,625.59","1,617.45","","0.22%"
"2021- 04- 30","1,615.91","1,616.39","1,620.56","1,612.23","","-0.63%"
"2021- 04- 29","1,626.16","1,628.19","1,628.87","1,612.43","","0.65%"
"2021- 04- 28","1,615.62","1,618.13","1,622.30","1,614.56","","-0.01%"
"2021- 04- 27","1,615.71","1,618.23","1,619.01","1,612.05","","-0.09%"
"2021- 04- 26","1,617.16","1,616.49","1,619.30","1,614.56","","0.23%"
"2021- 04- 23","1,613.49","1,598.60","1,619.59","1,598.51","","1.04%"
"2021- 04- 22","1,596.86","1,609.72","1,613.79","1,592.12","","-0.89%"
"2021- 04- 21","1,611.17","1,593.57","1,611.85","1,593.09","","0.96%"
"2021- 04- 20","1,595.89","1,603.05","1,605.57","1,590.29","","-0.73%"
"2021- 04- 19","1,607.60","1,612.14","1,613.68","1,602.37","","-0.50%"
"2021- 04- 16","1,615.71","1,616.30","1,618.23","1,610.02","","0.34%"
"2021- 04- 15","1,610.31","1,602.57","1,611.76","1,602.08","","1.08%"
"2021- 04- 14","1,593.09","1,598.60","1,602.95","1,591.15","","-0.36%"
"2021- 04- 13","1,598.80","1,593.57","1,601.31","1,592.12","","0.30%"
"2021- 04- 12","1,594.06","1,590.87","1,595.21","1,588.44","","0.03%"
"2021- 04- 09","1,593.62","1,581.29","1,594.24","1,580.99","","0.74%"
"2021- 04- 08","1,581.96","1,579.45","1,581.96","1,575.68","","0.46%"
"2021- 04- 07","1,574.71","1,572.10","1,575.78","1,569.97","","0.15%"
"2021- 04- 06","1,572.39","1,571.13","1,576.74","1,570.07","","-0.04%"
"2021- 04- 05","1,573.07","1,562.43","1,575.78","1,562.05","","1.40%"
"2021- 04- 01","1,551.40","1,542.70","1,551.50","1,542.12","","1.06%"
"2021- 03- 31","1,535.15","1,530.81","1,541.06","1,530.81","","0.43%"
"2021- 03- 30","1,528.58","1,527.42","1,531.19","1,521.81","","-0.23%"
"2021- 03- 29","1,532.07","1,527.71","1,536.22","1,521.04","","-0.08%"
"2021- 03- 26","1,533.32","1,513.59","1,534.87","1,511.56","","1.62%"
"2021- 03- 25","1,508.94","1,494.44","1,512.23","1,486.80","","0.55%"
"2021- 03- 24","1,500.72","1,514.08","1,520.85","1,500.72","","-0.54%"
"2021- 03- 23","1,508.85","1,517.56","1,523.45","1,505.17","","-0.75%"
"2021- 03- 22","1,520.27","1,510.98","1,525.78","1,510.20","","0.78%"
"2021- 03- 19","1,508.46","1,509.34","1,516.20","1,499.18","","-0.17%"
"2021- 03- 18","1,511.08","1,523.07","1,531.29","1,509.05","","-1.45%"
"2021- 03- 17","1,533.32","1,523.07","1,536.89","1,518.53","","0.29%"
"2021- 03- 16","1,528.87","1,533.56","1,536.03","1,525.30","","-0.13%"
"2021- 03- 15","1,530.90","1,522.48","1,531.78","1,513.79","","0.37%"
"2021- 03- 12","1,525.30","1,517.40","1,525.68","1,514.08","","0.18%"
"2021- 03- 11","1,522.59","1,518.33","1,531.29","1,516.20","","1.01%"
"2021- 03- 10","1,507.31","1,508.37","1,514.75","1,502.46","","0.63%"
"2021- 03- 09","1,497.83","1,494.06","1,509.14","1,491.44","","1.38%"
"2021- 03- 08","1,477.37","1,488.67","1,500.42","1,476.88","","-0.52%"
"2021- 03- 05","1,485.15","1,472.68","1,489.32","1,442.41","","1.86%"
"2021- 03- 04","1,457.98","1,475.97","1,486.22","1,439.32","","-1.24%"
"2021- 03- 03","1,476.36","1,493.13","1,497.24","1,476.16","","-1.32%"
"2021- 03- 02","1,496.18","1,509.34","1,509.91","1,495.40","","-0.76%"
"2021- 03- 01","1,507.60","1,493.57","1,513.30","1,492.80","","2.30%"
"2021- 02- 26","1,473.64","1,487.47","1,492.51","1,464.56","","-0.44%"
"2021- 02- 25","1,480.22","1,511.85","1,517.07","1,474.04","","-2.45%"
"2021- 02- 24","1,517.37","1,495.84","1,518.53","1,491.63","","1.19%"
"2021- 02- 23","1,499.57","1,488.73","1,505.66","1,472.19","","0.03%"
"2021- 02- 22","1,499.09","1,498.21","1,508.37","1,497.24","","-0.72%"
"2021- 02- 19","1,509.91","1,518.42","1,519.11","1,508.37","","-0.19%"
"2021- 02- 18","1,512.82","1,508.08","1,515.82","1,501.31","","-0.44%"
"2021- 02- 17","1,519.49","1,511.85","1,520.27","1,507.49","","0.04%"
"2021- 02- 16","1,518.91","1,525.78","1,526.07","1,516.01","","-0.11%"
"2021- 02- 12","1,520.56","1,509.38","1,521.33","1,509.23","","0.46%"
"2021- 02- 11","1,513.59","1,514.94","1,516.59","1,502.76","","0.22%"
"2021- 02- 10","1,510.31","1,518.23","1,518.71","1,500.43","","-0.05%"
"2021- 02- 09","1,511.08","1,508.94","1,513.39","1,506.82","","-0.07%"
"2021- 02- 08","1,512.14","1,507.69","1,512.14","1,503.72","","0.73%"
"2021- 02- 05","1,501.12","1,502.86","1,504.12","1,496.57","","0.41%"
"2021- 02- 04","1,494.92","1,483.41","1,495.26","1,481.87","","1.11%"
"2021- 02- 03","1,478.58","1,481.19","1,485.44","1,473.36","","0.12%"
"2021- 02- 02","1,476.84","1,469.88","1,483.81","1,469.78","","1.42%"
"2021- 02- 01","1,456.14","1,447.92","1,461.08","1,438.06","","1.57%"
"2021- 01- 29","1,433.70","1,454.60","1,458.27","1,425.78","","-1.89%"
"2021- 01- 28","1,461.27","1,457.31","1,478.96","1,455.95","","0.75%"
"2021- 01- 27","1,450.34","1,472.10","1,472.19","1,440.47","","-2.40%"
"2021- 01- 26","1,486.03","1,492.51","1,494.06","1,485.55","","-0.18%"
"2021- 01- 25","1,488.73","1,486.12","1,489.99","1,466.01","","0.38%"
"2021- 01- 22","1,483.12","1,480.61","1,487.38","1,478.67","","-0.33%"
"2021- 01- 21","1,487.96","1,489.03","1,490.77","1,484.29","","0.09%"
"2021- 01- 20","1,486.61","1,476.26","1,490.29","1,474.52","","1.39%"
"2021- 01- 19","1,466.30","1,465.77","1,468.82","1,459.34","","0.76%"
"2021- 01- 15","1,455.17","1,459.23","1,462.23","1,447.44","","-0.78%"
"2021- 01- 14","1,466.68","1,474.42","1,476.16","1,464.75","","-0.32%"
"2021- 01- 13","1,471.33","1,466.88","1,475.19","1,463.49","","0.24%"
"2021- 01- 12","1,467.85","1,467.36","1,471.04","1,457.69","","0.05%"
"2021- 01- 11","1,467.16","1,463.11","1,473.84","1,462.82","","-0.62%"
"2021- 01- 08","1,476.36","1,474.81","1,477.42","1,460.49","","0.55%"
"2021- 01- 07","1,468.33","1,456.82","1,471.42","1,456.05","","1.47%"
"2021- 01- 06","1,447.06","1,431.10","1,460.11","1,430.03","","0.61%"
"2021- 01- 05","1,438.25","1,426.26","1,442.80","1,426.26","","0.64%"
"2021- 01- 04","1,429.16","1,454.12","1,454.50","1,413.20","","-1.40%"
"2020- 12- 31","1,449.47","1,439.80","1,451.60","1,438.15","","0.57%"
"2020- 12- 30","1,441.25","1,442.89","1,445.12","1,439.51","","0.18%"
"2020- 12- 29","1,438.64","1,448.02","1,449.09","1,437.09","","-0.21%"
"2020- 12- 28","1,441.73","1,440.38","1,443.77","1,437.77","","0.86%"
"2020- 12- 24","1,429.45","1,426.07","1,429.45","1,423.64","","0.42%"
"2020- 12- 23","1,423.45","1,426.93","1,431.87","1,423.45","","0.08%"
"2020- 12- 22","1,422.30","1,426.36","1,427.04","1,418.23","","-0.24%"
"2020- 12- 21","1,425.68","1,414.27","1,428.96","1,402.57","","-0.56%"
"2020- 12- 18","1,433.70","1,437.58","1,438.35","1,422.68","","-0.18%"
"2020- 12- 17","1,436.32","1,436.22","1,437.77","1,432.26","","0.54%"
"2020- 12- 16","1,428.58","1,427.71","1,433.03","1,424.13","","0.16%"
"2020- 12- 15","1,426.36","1,419.30","1,426.74","1,413.01","","1.31%"
"2020- 12- 14","1,407.98","1,423.07","1,427.90","1,407.88","","-0.60%"
"2020- 12- 11","1,416.49","1,411.76","1,417.85","1,405.17","","-0.20%"
"2020- 12- 10","1,419.30","1,413.97","1,422.97","1,409.82","","-0.05%"
"2020- 12- 09","1,419.97","1,434.87","1,435.35","1,415.71","","-0.81%"
"2020- 12- 08","1,431.58","1,422.68","1,434.19","1,422.48","","0.28%"
"2020- 12- 07","1,427.62","1,427.90","1,429.84","1,422.68","","-0.23%"
"2020- 12- 04","1,430.90","1,421.28","1,430.90","1,420.65","","0.91%"
"2020- 12- 03","1,418.04","1,418.71","1,424.22","1,414.08","","-0.05%"
"2020- 12- 02","1,418.71","1,411.51","1,419.59","1,409.14","","0.18%"
"2020- 12- 01","1,416.11","1,415.33","1,422.39","1,412.23","","1.03%"
"2020- 11- 30","1,401.69","1,403.63","1,404.69","1,389.80","","-0.39%"
"2020- 11- 27","1,407.11","1,408.08","1,409.05","1,402.86","","0.27%"
"2020- 11- 25","1,403.34","1,404.36","1,404.98","1,398.69","","-0.16%"
"2020- 11- 24","1,405.57","1,393.77","1,407.60","1,390.18","","1.60%"
"2020- 11- 23","1,383.41","1,383.12","1,387.67","1,372.88","","0.58%"
"2020- 11- 20","1,375.39","1,382.93","1,383.90","1,374.42","","-0.70%"
"2020- 11- 19","1,385.06","1,375.97","1,385.73","1,370.45","","0.46%"
"2020- 11- 18","1,378.67","1,396.57","1,398.89","1,378.67","","-1.19%"
"2020- 11- 17","1,395.21","1,392.61","1,400.34","1,386.70","","-0.50%"
"2020- 11- 16","1,402.28","1,396.95","1,402.28","1,391.54","","1.24%"
"2020- 11- 13","1,385.15","1,375.88","1,388.73","1,372.48","","1.37%"
"2020- 11- 12","1,366.39","1,376.07","1,379.07","1,359.14","","-1.02%"
"2020- 11- 11","1,380.52","1,379.45","1,383.61","1,373.84","","0.78%"
"2020- 11- 10","1,369.78","1,368.23","1,374.22","1,356.62","","-0.05%"
"2020- 11- 09","1,370.45","1,408.85","1,409.62","1,370.16","","1.17%"
"2020- 11- 06","1,354.60","1,355.17","1,359.72","1,345.12","","-0.01%"
"2020- 11- 05","1,354.69","1,351.16","1,362.62","1,349.66","","1.94%"
"2020- 11- 04","1,328.87","1,319.73","1,345.99","1,314.17","","2.19%"
"2020- 11- 03","1,300.34","1,290.87","1,308.56","1,289.03","","1.80%"
"2020- 11- 02","1,277.33","1,276.93","1,285.44","1,265.82","","1.13%"
"2020- 10- 30","1,263.11","1,269.68","1,275.01","1,247.73","","-1.08%"
"2020- 10- 29","1,276.84","1,263.79","1,289.32","1,257.49","","1.15%"
"2020- 10- 28","1,262.34","1,283.90","1,287.29","1,261.46","","-3.52%"
"2020- 10- 27","1,308.46","1,313.88","1,315.71","1,307.79","","-0.35%"
"2020- 10- 26","1,313.01","1,323.64","1,326.84","1,298.31","","-1.83%"
"2020- 10- 23","1,337.47","1,338.25","1,338.54","1,327.66","","0.30%"
"2020- 10- 22","1,333.41","1,327.04","1,335.64","1,317.94","","0.58%"
"2020- 10- 21","1,325.68","1,328.29","1,337.29","1,324.81","","-0.21%"
"2020- 10- 20","1,328.48","1,328.96","1,342.03","1,325.78","","0.46%"
"2020- 10- 19","1,322.39","1,349.57","1,351.40","1,319.68","","-1.63%"
"2020- 10- 16","1,344.35","1,350.05","1,357.11","1,344.35","","-0.02%"
"2020- 10- 15","1,344.63","1,328.96","1,346.57","1,327.62","","-0.10%"
"2020- 10- 14","1,345.99","1,357.02","1,361.65","1,343.28","","-0.70%"
"2020- 10- 13","1,355.46","1,362.53","1,363.30","1,350.72","","-0.60%"
"2020- 10- 12","1,363.68","1,352.46","1,369.88","1,350.72","","1.62%"
"2020- 10- 09","1,341.92","1,336.80","1,343.86","1,334.48","","0.89%"
"2020- 10- 08","1,330.12","1,326.36","1,330.22","1,322.59","","0.88%"
"2020- 10- 07","1,318.53","1,308.37","1,321.62","1,308.37","","1.75%"
"2020- 10- 06","1,295.89","1,315.04","1,323.64","1,293.47","","-1.44%"
"2020- 10- 05","1,314.85","1,300.83","1,315.23","1,300.24","","1.82%"
"2020- 10- 02","1,291.35","1,281.38","1,299.38","1,281.38","","-0.95%"
"2020- 10- 01","1,303.72","1,306.43","1,310.11","1,296.09","","0.52%"
"2020- 09- 30","1,296.95","1,289.03","1,309.05","1,288.44","","0.83%"
"2020- 09- 29","1,286.22","1,292.03","1,295.21","1,283.12","","-0.52%"
"2020- 09- 28","1,292.99","1,289.89","1,295.89","1,285.06","","1.67%"
"2020- 09- 25","1,271.71","1,248.31","1,275.10","1,244.24","","1.60%"
"2020- 09- 24","1,251.69","1,242.12","1,264.27","1,237.29","","0.33%"
"2020- 09- 23","1,247.63","1,279.93","1,281.29","1,246.09","","-2.40%"
"2020- 09- 22","1,278.29","1,270.36","1,280.17","1,260.79","","1.07%"
"2020- 09- 21","1,264.75","1,260.01","1,265.13","1,244.92","","-1.14%"
"2020- 09- 18","1,279.36","1,297.35","1,297.44","1,269.20","","-1.22%"
"2020- 09- 17","1,295.21","1,285.64","1,301.79","1,283.70","","-0.84%"
"2020- 09- 16","1,306.14","1,317.07","1,322.78","1,305.57","","-0.40%"
"2020- 09- 15","1,311.37","1,315.91","1,318.62","1,307.11","","0.49%"
"2020- 09- 14","1,304.98","1,301.60","1,312.34","1,299.18","","0.96%"
"2020- 09- 11","1,292.51","1,298.02","1,303.05","1,280.03","","0.11%"
"2020- 09- 10","1,291.06","1,321.71","1,324.52","1,287.29","","-1.77%"
"2020- 09- 09","1,314.27","1,305.46","1,324.52","1,302.08","","2.03%"
"2020- 09- 08","1,288.15","1,300.24","1,307.02","1,287.29","","-2.79%"
"2020- 09- 04","1,325.10","1,337.38","1,345.02","1,295.21","","-0.84%"
"2020- 09- 03","1,336.32","1,376.64","1,378.48","1,325.01","","-3.48%"
"2020- 09- 02","1,384.48","1,371.13","1,387.47","1,367.16","","1.51%"
"2020- 09- 01","1,363.88","1,354.40","1,364.08","1,350.92","","0.78%"
"2020- 08- 31","1,353.29","1,355.28","1,358.76","1,350.24","","-0.20%"
"2020- 08- 28","1,356.05","1,351.69","1,356.53","1,346.77","","0.67%"
"2020- 08- 27","1,347.06","1,347.35","1,353.24","1,340.47","","0.19%"
"2020- 08- 26","1,344.54","1,333.03","1,345.40","1,331.29","","1.02%"
"2020- 08- 25","1,330.90","1,328.87","1,331.19","1,323.84","","0.33%"
"2020- 08- 24","1,326.55","1,323.36","1,326.55","1,319.11","","1.02%"
"2020- 08- 21","1,313.11","1,307.20","1,313.79","1,305.57","","0.38%"
"2020- 08- 20","1,308.17","1,296.77","1,310.20","1,296.47","","0.29%"
"2020- 08- 19","1,304.40","1,311.46","1,313.59","1,301.98","","-0.39%"
"2020- 08- 18","1,309.53","1,308.65","1,311.56","1,301.98","","0.21%"
"2020- 08- 17","1,306.82","1,306.91","1,308.56","1,305.28","","0.34%"
"2020- 08- 14","1,302.37","1,301.02","1,304.98","1,298.60","","-0.02%"
"2020- 08- 13","1,302.66","1,301.98","1,308.27","1,298.98","","-0.19%"
"2020- 08- 12","1,305.17","1,297.63","1,308.37","1,297.63","","1.43%"
"2020- 08- 11","1,286.80","1,303.34","1,305.46","1,284.38","","-0.83%"
"2020- 08- 10","1,297.54","1,295.99","1,298.69","1,287.96","","0.26%"
"2020- 08- 07","1,294.15","1,288.93","1,294.54","1,285.35","","0.10%"
"2020- 08- 06","1,292.80","1,281.96","1,293.57","1,280.81","","0.66%"
"2020- 08- 05","1,284.38","1,281.87","1,285.64","1,280.99","","0.63%"
"2020- 08- 04","1,276.36","1,269.11","1,276.36","1,268.42","","0.40%"
"2020- 08- 03","1,271.33","1,269.97","1,274.81","1,267.56","","0.70%"
"2020- 07- 31","1,262.53","1,261.17","1,263.01","1,242.80","","0.75%"
"2020- 07- 30","1,253.14","1,244.06","1,254.60","1,236.22","","-0.37%"
"2020- 07- 29","1,257.79","1,245.80","1,259.82","1,245.80","","1.24%"
"2020- 07- 28","1,242.41","1,247.06","1,251.79","1,241.06","","-0.62%"
"2020- 07- 27","1,250.14","1,243.28","1,250.83","1,240.87","","0.72%"
"2020- 07- 24","1,241.15","1,240.47","1,245.31","1,234.77","","-0.63%"
"2020- 07- 23","1,248.98","1,262.53","1,265.62","1,243.57","","-1.19%"
"2020- 07- 22","1,263.97","1,256.05","1,265.33","1,255.28","","0.53%"
"2020- 07- 21","1,257.31","1,262.23","1,264.46","1,253.14","","0.24%"
"2020- 07- 20","1,254.31","1,243.47","1,257.02","1,240.38","","0.79%"
"2020- 07- 17","1,244.44","1,244.35","1,247.63","1,236.80","","0.30%"
"2020- 07- 16","1,240.77","1,236.70","1,242.41","1,234.29","","-0.36%"
"2020- 07- 15","1,245.21","1,247.24","1,249.28","1,234.87","","0.93%"
"2020- 07- 14","1,233.70","1,211.65","1,234.77","1,206.72","","1.35%"
"2020- 07- 13","1,217.27","1,238.64","1,247.92","1,215.04","","-0.94%"
"2020- 07- 10","1,228.78","1,215.91","1,229.16","1,209.53","","1.03%"
"2020- 07- 09","1,216.30","1,225.48","1,226.16","1,201.40","","-0.47%"
"2020- 07- 08","1,222.01","1,216.88","1,223.16","1,209.34","","0.76%"
"2020- 07- 07","1,212.82","1,220.16","1,227.90","1,211.85","","-1.07%"
"2020- 07- 06","1,225.97","1,223.93","1,227.76","1,220.74","","1.52%"
"2020- 07- 02","1,207.60","1,215.71","1,220.56","1,204.88","","0.51%"
"2020- 07- 01","1,201.50","1,197.06","1,206.05","1,195.21","","0.57%"
"2020- 06- 30","1,194.73","1,175.39","1,199.33","1,175.30","","1.51%"
"2020- 06- 29","1,176.93","1,165.71","1,176.93","1,156.14","","1.41%"
"2020- 06- 26","1,160.60","1,183.61","1,184.87","1,157.88","","-2.36%"
"2020- 06- 25","1,188.64","1,172.78","1,189.70","1,165.23","","1.09%"
"2020- 06- 24","1,175.78","1,198.12","1,200.83","1,168.23","","-2.62%"
"2020- 06- 23","1,207.40","1,212.62","1,216.30","1,205.28","","0.50%"
"2020- 06- 22","1,201.40","1,190.77","1,202.86","1,186.41","","0.68%"
"2020- 06- 19","1,193.28","1,215.62","1,215.62","1,188.15","","-0.60%"
"2020- 06- 18","1,200.43","1,193.09","1,202.57","1,191.83","","0.02%"
"2020- 06- 17","1,200.14","1,208.46","1,210.79","1,197.73","","-0.41%"
"2020- 06- 16","1,205.08","1,214.65","1,215.62","1,185.84","","1.94%"
"2020- 06- 15","1,182.16","1,147.24","1,186.80","1,142.21","","0.53%"
"2020- 06- 12","1,175.97","1,190.77","1,194.44","1,153.83","","1.27%"
"2020- 06- 11","1,161.27","1,201.31","1,206.14","1,159.23","","-5.83%"
"2020- 06- 10","1,233.12","1,242.21","1,245.99","1,230.12","","-0.60%"
"2020- 06- 09","1,240.58","1,237.29","1,245.99","1,234.38","","-0.74%"
"2020- 06- 08","1,249.86","1,237.87","1,249.86","1,235.44","","1.25%"
"2020- 06- 05","1,234.38","1,226.74","1,241.83","1,225.88","","2.61%"
"2020- 06- 04","1,202.95","1,201.88","1,209.53","1,194.44","","-0.32%"
"2020- 06- 03","1,206.82","1,199.22","1,210.11","1,197.92","","1.38%"
"2020- 06- 02","1,190.38","1,184.62","1,190.47","1,179.16","","0.82%"
"2020- 06- 01","1,180.70","1,173.16","1,183.22","1,171.04","","0.39%"
"2020- 05- 29","1,176.07","1,167.75","1,178.29","1,159.14","","0.49%"
"2020- 05- 28","1,170.36","1,177.62","1,185.73","1,168.13","","-0.21%"
"2020- 05- 27","1,172.78","1,167.07","1,172.78","1,148.12","","1.46%"
"2020- 05- 26","1,155.86","1,167.65","1,167.65","1,154.21","","1.27%"
"2020- 05- 22","1,141.35","1,138.35","1,142.12","1,132.93","","0.21%"
"2020- 05- 21","1,138.93","1,146.28","1,150.05","1,134.77","","-0.75%"
"2020- 05- 20","1,147.54","1,143.28","1,151.02","1,142.12","","1.72%"
"2020- 05- 19","1,128.10","1,137.18","1,144.44","1,128.10","","-1.03%"
"2020- 05- 18","1,139.80","1,131.38","1,146.28","1,131.19","","3.07%"
"2020- 05- 15","1,105.86","1,091.35","1,106.05","1,086.89","","0.41%"
"2020- 05- 14","1,101.31","1,077.22","1,101.31","1,067.85","","1.14%"
"2020- 05- 13","1,088.93","1,105.17","1,109.53","1,077.90","","-1.69%"
"2020- 05- 12","1,107.69","1,135.06","1,136.99","1,107.69","","-2.03%"
"2020- 05- 11","1,130.61","1,122.01","1,136.12","1,120.27","","0.03%"
"2020- 05- 08","1,130.32","1,126.07","1,131.38","1,120.27","","1.70%"
"2020- 05- 07","1,111.46","1,112.82","1,119.78","1,109.72","","1.21%"
"2020- 05- 06","1,098.21","1,113.30","1,114.65","1,098.21","","-0.69%"
"2020- 05- 05","1,105.86","1,107.31","1,117.75","1,104.31","","0.82%"
"2020- 05- 04","1,096.86","1,085.44","1,096.86","1,078.87","","0.42%"
"2020- 05- 01","1,092.32","1,102.57","1,105.37","1,087.91","","-2.65%"
"2020- 04- 30","1,122.01","1,126.93","1,129.55","1,115.53","","-1.04%"
"2020- 04- 29","1,133.81","1,126.64","1,139.99","1,122.88","","2.64%"
"2020- 04- 28","1,104.69","1,125.34","1,126.45","1,103.54","","-0.50%"
"2020- 04- 27","1,110.20","1,102.17","1,114.17","1,100.14","","1.48%"
"2020- 04- 24","1,094.06","1,085.84","1,096.47","1,076.36","","1.44%"
"2020- 04- 23","1,078.48","1,083.81","1,097.35","1,077.52","","-0.02%"
"2020- 04- 22","1,078.67","1,076.07","1,085.84","1,070.16","","2.22%"
"2020- 04- 21","1,055.28","1,069.49","1,074.13","1,051.21","","-3.03%"
"2020- 04- 20","1,088.25","1,091.63","1,106.53","1,087.47","","-1.78%"
"2020- 04- 17","1,107.98","1,102.37","1,110.49","1,091.44","","2.67%"
"2020- 04- 16","1,079.16","1,078.58","1,082.16","1,065.71","","0.51%"
"2020- 04- 15","1,073.64","1,072.59","1,080.12","1,064.37","","-2.12%"
"2020- 04- 14","1,096.95","1,085.64","1,099.95","1,081.87","","3.07%"
"2020- 04- 13","1,064.27","1,071.13","1,072.01","1,048.89","","-0.95%"
"2020- 04- 09","1,074.52","1,073.16","1,086.80","1,064.75","","1.41%"
"2020- 04- 08","1,059.53","1,038.44","1,064.56","1,026.55","","3.44%"
"2020- 04- 07","1,024.33","1,061.56","1,061.65","1,024.33","","-0.02%"
"2020- 04- 06","1,024.52","997.05","1,032.16","992.02","","6.85%"
"2020- 04- 03","958.85","969.88","978.00","947.53","","-1.50%"
"2020- 04- 02","973.46","945.50","975.68","944.73","","2.41%"
"2020- 04- 01","950.53","957.88","970.85","941.74","","-4.60%"
"2020- 03- 31","996.38","1,006.91","1,016.98","989.80","","-1.49%"
"2020- 03- 30","1,011.47","986.51","1,013.88","979.93","","3.28%"
"2020- 03- 27","979.36","977.71","1,007.50","969.68","","-3.09%"
"2020- 03- 26","1,010.60","963.45","1,015.42","963.05","","5.89%"
"2020- 03- 25","954.40","945.22","990.38","926.07","","1.40%"
"2020- 03- 24","941.25","905.27","942.99","903.92","","9.34%"
"2020- 03- 23","860.88","880.12","885.74","843.38","","-2.82%"
"2020- 03- 20","885.84","936.75","944.53","882.64","","-4.63%"
"2020- 03- 19","928.87","917.12","950.25","892.50","","0.28%"
"2020- 03- 18","926.26","906.87","944.44","875.39","","-5.02%"
"2020- 03- 17","975.20","939.41","983.51","910.21","","5.78%"
"2020- 03- 16","921.90","968.13","985.74","910.21","","-11.77%"
"2020- 03- 13","1,044.92","1,015.13","1,045.84","962.87","","9.45%"
"2020- 03- 12","954.70","987.76","1,027.71","954.70","","-9.90%"
"2020- 03- 11","1,059.62","1,083.65","1,088.64","1,045.80","","-4.88%"
"2020- 03- 10","1,113.97","1,098.12","1,113.97","1,055.66","","5.14%"
"2020- 03- 09","1,059.53","1,067.40","1,097.15","1,051.98","","-7.75%"
"2020- 03- 06","1,148.51","1,131.10","1,153.92","1,121.33","","-1.81%"
"2020- 03- 05","1,169.68","1,178.96","1,191.83","1,159.43","","-3.29%"
"2020- 03- 04","1,209.43","1,183.03","1,210.40","1,172.97","","4.24%"
"2020- 03- 03","1,160.20","1,195.69","1,213.06","1,153.43","","-2.87%"
"2020- 03- 02","1,194.54","1,153.14","1,194.54","1,138.35","","4.62%"
"2020- 02- 28","1,141.83","1,115.33","1,144.63","1,104.02","","-0.79%"
"2020- 02- 27","1,150.92","1,180.41","1,197.63","1,150.92","","-4.48%"
"2020- 02- 26","1,204.88","1,214.37","1,230.90","1,202.37","","-0.43%"
"2020- 02- 25","1,210.11","1,254.60","1,256.14","1,206.05","","-3.05%"
"2020- 02- 24","1,248.12","1,249.76","1,260.98","1,243.38","","-3.33%"
"2020- 02- 21","1,291.06","1,298.69","1,299.86","1,287.47","","-1.03%"
"2020- 02- 20","1,304.50","1,307.79","1,310.98","1,291.92","","-0.42%"
"2020- 02- 19","1,310.01","1,308.17","1,312.82","1,306.72","","0.49%"
"2020- 02- 18","1,303.63","1,302.86","1,305.57","1,297.92","","-0.28%"
"2020- 02- 14","1,307.31","1,307.02","1,307.79","1,301.88","","0.16%"
"2020- 02- 13","1,305.28","1,300.92","1,309.34","1,299.57","","-0.12%"
"2020- 02- 12","1,306.82","1,304.50","1,307.79","1,303.14","","0.63%"
"2020- 02- 11","1,298.69","1,302.37","1,305.28","1,296.66","","0.19%"
"2020- 02- 10","1,296.28","1,283.52","1,296.28","1,283.22","","0.73%"
"2020- 02- 07","1,286.89","1,289.51","1,292.12","1,284.67","","-0.52%"
"2020- 02- 06","1,293.57","1,294.06","1,294.63","1,289.41","","0.33%"
"2020- 02- 05","1,289.32","1,287.38","1,290.47","1,281.29","","1.11%"
"2020- 02- 04","1,275.19","1,271.42","1,278.58","1,269.88","","1.51%"
"2020- 02- 03","1,256.24","1,252.76","1,263.88","1,252.66","","0.77%"
"2020- 01- 31","1,246.66","1,267.27","1,267.85","1,242.99","","-1.84%"
"2020- 01- 30","1,269.97","1,256.91","1,270.85","1,253.83","","0.32%"
"2020- 01- 29","1,265.91","1,272.97","1,273.64","1,265.13","","-0.08%"
"2020- 01- 28","1,266.97","1,260.11","1,270.74","1,257.98","","1.02%"
"2020- 01- 27","1,254.12","1,251.40","1,260.11","1,250.83","","-1.62%"
"2020- 01- 24","1,274.71","1,288.73","1,289.12","1,269.11","","-0.95%"
"2020- 01- 23","1,286.89","1,282.16","1,286.89","1,277.22","","0.15%"
"2020- 01- 22","1,284.96","1,288.44","1,291.06","1,284.19","","0.01%"
"2020- 01- 21","1,284.77","1,283.41","1,288.06","1,283.03","","-0.23%"
"2020- 01- 17","1,287.67","1,286.41","1,288.25","1,283.99","","0.35%"
"2020- 01- 16","1,283.22","1,278.67","1,283.32","1,277.71","","0.81%"
"2020- 01- 15","1,272.88","1,269.88","1,276.16","1,269.39","","0.21%"
"2020- 01- 14","1,270.16","1,270.45","1,274.62","1,267.94","","-0.15%"
"2020- 01- 13","1,272.10","1,266.01","1,272.19","1,264.37","","0.70%"
"2020- 01- 10","1,263.30","1,269.97","1,270.27","1,261.56","","-0.28%"
"2020- 01- 09","1,266.88","1,265.53","1,267.46","1,262.82","","0.67%"
"2020- 01- 08","1,258.46","1,252.76","1,264.08","1,251.98","","0.50%"
"2020- 01- 07","1,252.17","1,253.54","1,255.17","1,250.24","","-0.29%"
"2020- 01- 06","1,255.76","1,243.57","1,256.14","1,243.09","","0.35%"
"2020- 01- 03","1,251.40","1,246.28","1,255.76","1,246.28","","-0.70%"
"2020- 01- 02","1,260.20","1,256.14","1,260.20","1,251.69","","0.87%"
"2019- 12- 31","1,249.38","1,244.15","1,249.38","1,242.99","","0.21%"
"2019- 12- 30","1,246.77","1,254.31","1,254.50","1,244.63","","-0.56%"
"2019- 12- 27","1,253.83","1,257.49","1,257.49","1,251.69","","-0.03%"
"2019- 12- 26","1,254.21","1,249.38","1,254.21","1,249.38","","0.50%"
"2019- 12- 24","1,248.02","1,248.89","1,248.98","1,246.66","","-0.01%"
"2019- 12- 23","1,248.12","1,249.47","1,249.66","1,247.35","","0.10%"
"2019- 12- 20","1,246.86","1,246.47","1,249.28","1,245.40","","0.38%"
"2019- 12- 19","1,242.12","1,236.99","1,242.12","1,236.99","","0.42%"
"2019- 12- 18","1,236.89","1,237.87","1,239.03","1,236.22","","0.06%"
"2019- 12- 17","1,236.12","1,238.25","1,239.22","1,236.12","","-0.03%"
"2019- 12- 16","1,236.51","1,234.96","1,238.84","1,234.87","","0.86%"
"2019- 12- 13","1,225.97","1,224.81","1,231.38","1,221.23","","0.03%"
"2019- 12- 12","1,225.59","1,215.42","1,229.07","1,214.27","","0.83%"
"2019- 12- 11","1,215.53","1,213.59","1,216.30","1,212.23","","0.30%"
"2019- 12- 10","1,211.94","1,213.20","1,215.82","1,209.23","","-0.09%"
"2019- 12- 09","1,213.01","1,215.71","1,218.33","1,213.01","","-0.34%"
"2019- 12- 06","1,217.16","1,214.65","1,218.91","1,214.37","","0.90%"
"2019- 12- 05","1,206.34","1,206.62","1,206.82","1,200.63","","0.18%"
"2019- 12- 04","1,204.12","1,201.02","1,206.72","1,199.86","","0.63%"
"2019- 12- 03","1,196.57","1,192.41","1,197.15","1,187.47","","-0.71%"
"2019- 12- 02","1,205.17","1,216.49","1,216.68","1,203.24","","-0.86%"
"2019- 11- 29","1,215.62","1,217.36","1,218.62","1,214.65","","-0.35%"
"2019- 11- 27","1,219.88","1,216.59","1,219.97","1,215.71","","0.41%"
"2019- 11- 26","1,214.85","1,212.23","1,215.42","1,210.88","","0.25%"
"2019- 11- 25","1,211.85","1,207.02","1,212.05","1,206.82","","0.76%"
"2019- 11- 22","1,202.76","1,203.34","1,203.72","1,198.51","","0.18%"
"2019- 11- 21","1,200.63","1,202.57","1,202.86","1,196.77","","-0.11%"
"2019- 11- 20","1,201.98","1,204.40","1,206.34","1,195.69","","-0.39%"
"2019- 11- 19","1,206.72","1,209.72","1,209.72","1,204.21","","-0.05%"
"2019- 11- 18","1,207.31","1,205.37","1,208.27","1,203.54","","0.06%"
"2019- 11- 15","1,206.53","1,203.34","1,206.53","1,200.63","","0.74%"
"2019- 11- 14","1,197.63","1,194.73","1,198.02","1,192.32","","0.11%"
"2019- 11- 13","1,196.28","1,191.73","1,198.02","1,190.87","","0.05%"
"2019- 11- 12","1,195.69","1,195.12","1,199.95","1,192.80","","0.17%"
"2019- 11- 11","1,193.66","1,190.29","1,194.24","1,189.51","","-0.18%"
"2019- 11- 08","1,195.80","1,191.83","1,195.89","1,188.73","","0.23%"
"2019- 11- 07","1,193.09","1,194.63","1,197.83","1,191.06","","0.32%"
"2019- 11- 06","1,189.32","1,188.73","1,189.99","1,185.15","","0.05%"
"2019- 11- 05","1,188.73","1,190.87","1,192.21","1,187.67","","-0.11%"
"2019- 11- 04","1,190.09","1,192.12","1,192.61","1,188.63","","0.40%"
"2019- 11- 01","1,185.35","1,180.61","1,185.35","1,180.03","","0.92%"
"2019- 10- 31","1,174.52","1,177.33","1,177.42","1,168.42","","-0.29%"
"2019- 10- 30","1,177.90","1,174.90","1,179.07","1,169.78","","0.32%"
"2019- 10- 29","1,174.13","1,173.36","1,178.19","1,173.07","","-0.06%"
"2019- 10- 28","1,174.81","1,173.55","1,177.04","1,173.55","","0.56%"
"2019- 10- 25","1,168.23","1,161.08","1,170.65","1,161.08","","0.38%"
"2019- 10- 24","1,163.79","1,165.91","1,166.39","1,160.20","","0.14%"
"2019- 10- 23","1,162.14","1,157.88","1,162.14","1,156.62","","0.27%"
"2019- 10- 22","1,159.05","1,165.13","1,165.91","1,158.37","","-0.32%"
"2019- 10- 21","1,162.72","1,160.40","1,163.30","1,158.56","","0.68%"
"2019- 10- 18","1,154.88","1,158.08","1,160.20","1,151.02","","-0.41%"
"2019- 10- 17","1,159.62","1,161.56","1,163.49","1,157.11","","0.25%"
"2019- 10- 16","1,156.72","1,156.34","1,159.53","1,154.79","","-0.19%"
"2019- 10- 15","1,158.94","1,151.69","1,161.76","1,151.60","","1.03%"
"2019- 10- 14","1,147.15","1,147.24","1,149.86","1,145.80","","-0.12%"
"2019- 10- 11","1,148.51","1,148.80","1,157.98","1,148.02","","1.06%"
"2019- 10- 10","1,136.51","1,128.38","1,140.47","1,128.00","","0.64%"
"2019- 10- 09","1,129.26","1,127.52","1,133.12","1,124.62","","0.95%"
"2019- 10- 08","1,118.62","1,128.10","1,131.29","1,118.53","","-1.55%"
"2019- 10- 07","1,136.22","1,138.06","1,144.63","1,135.26","","-0.44%"
"2019- 10- 04","1,141.25","1,129.45","1,142.32","1,128.78","","1.35%"
"2019- 10- 03","1,126.07","1,115.71","1,126.07","1,104.50","","0.80%"
"2019- 10- 02","1,117.16","1,130.41","1,130.41","1,111.85","","-1.76%"
"2019- 10- 01","1,137.18","1,155.37","1,158.08","1,136.89","","-1.32%"
"2019- 09- 30","1,152.37","1,148.69","1,154.69","1,148.40","","0.52%"
"2019- 09- 27","1,146.38","1,155.86","1,156.34","1,139.80","","-0.53%"
"2019- 09- 26","1,152.46","1,154.88","1,155.95","1,146.77","","-0.23%"
"2019- 09- 25","1,155.17","1,148.89","1,157.11","1,142.70","","0.55%"
"2019- 09- 24","1,148.80","1,162.43","1,164.08","1,144.54","","-0.81%"
"2019- 09- 23","1,158.17","1,154.79","1,160.79","1,154.31","","0.06%"
"2019- 09- 20","1,157.49","1,166.11","1,167.45","1,154.98","","-0.52%"
"2019- 09- 19","1,163.49","1,165.62","1,169.97","1,162.53","","-0.04%"
"2019- 09- 18","1,163.97","1,162.23","1,164.65","1,153.14","","0.02%"
"2019- 09- 17","1,163.68","1,160.11","1,163.97","1,159.23","","0.24%"
"2019- 09- 16","1,160.88","1,159.43","1,162.53","1,157.98","","-0.22%"
"2019- 09- 13","1,163.49","1,166.39","1,167.75","1,162.05","","-0.09%"
"2019- 09- 12","1,164.56","1,164.27","1,168.62","1,161.08","","0.32%"
"2019- 09- 11","1,160.79","1,153.63","1,160.79","1,151.12","","0.76%"
"2019- 09- 10","1,152.08","1,149.38","1,152.08","1,144.06","","-0.03%"
"2019- 09- 09","1,152.46","1,156.62","1,156.62","1,148.98","","-0.03%"
"2019- 09- 06","1,152.76","1,153.05","1,154.88","1,149.86","","0.13%"
"2019- 09- 05","1,151.31","1,147.06","1,154.88","1,146.95","","1.30%"
"2019- 09- 04","1,136.51","1,133.52","1,136.89","1,130.22","","1.07%"
"2019- 09- 03","1,124.52","1,123.84","1,127.33","1,119.68","","-0.57%"
"2019- 08- 30","1,130.99","1,137.38","1,137.77","1,127.04","","0.00%"
"2019- 08- 29","1,130.99","1,128.29","1,133.70","1,123.93","","1.23%"
"2019- 08- 28","1,117.27","1,106.53","1,118.04","1,103.43","","0.67%"
"2019- 08- 27","1,109.82","1,119.68","1,121.62","1,106.62","","-0.34%"
"2019- 08- 26","1,113.59","1,111.37","1,113.59","1,104.69","","1.07%"
"2019- 08- 23","1,101.79","1,125.59","1,132.45","1,096.38","","-2.57%"
"2019- 08- 22","1,130.81","1,134.29","1,137.18","1,123.55","","-0.03%"
"2019- 08- 21","1,131.19","1,131.67","1,133.22","1,128.96","","0.75%"
"2019- 08- 20","1,122.78","1,128.78","1,131.29","1,122.01","","-0.74%"
"2019- 08- 19","1,131.10","1,131.38","1,134.29","1,128.00","","1.20%"
"2019- 08- 16","1,117.65","1,109.53","1,119.78","1,109.43","","1.47%"
"2019- 08- 15","1,101.50","1,100.05","1,105.37","1,092.99","","0.26%"
"2019- 08- 14","1,098.60","1,114.94","1,117.65","1,098.40","","-2.96%"
"2019- 08- 13","1,132.16","1,113.11","1,138.84","1,112.62","","1.51%"
"2019- 08- 12","1,115.33","1,123.16","1,125.01","1,111.27","","-1.18%"
"2019- 08- 09","1,128.67","1,132.84","1,135.44","1,121.52","","-0.70%"
"2019- 08- 08","1,136.61","1,121.71","1,136.70","1,119.11","","1.93%"
"2019- 08- 07","1,115.13","1,101.84","1,118.42","1,092.32","","0.09%"
"2019- 08- 06","1,114.17","1,108.08","1,115.53","1,101.12","","1.29%"
"2019- 08- 05","1,099.95","1,115.13","1,116.49","1,091.25","","-3.00%"
"2019- 08- 02","1,133.99","1,138.55","1,139.61","1,127.13","","-0.76%"
"2019- 08- 01","1,142.70","1,152.86","1,166.01","1,139.12","","-0.93%"
"2019- 07- 31","1,153.43","1,166.68","1,167.65","1,144.44","","-1.10%"
"2019- 07- 30","1,166.20","1,161.94","1,167.45","1,161.17","","-0.23%"
"2019- 07- 29","1,168.91","1,170.36","1,170.65","1,166.59","","-0.19%"
"2019- 07- 26","1,171.13","1,166.39","1,171.90","1,165.71","","0.73%"
"2019- 07- 25","1,162.62","1,166.92","1,167.07","1,159.91","","-0.52%"
"2019- 07- 24","1,168.71","1,160.20","1,168.82","1,160.02","","0.45%"
"2019- 07- 23","1,163.49","1,160.40","1,163.59","1,156.82","","0.67%"
"2019- 07- 22","1,155.76","1,154.69","1,157.88","1,152.37","","0.27%"
"2019- 07- 19","1,152.66","1,163.88","1,163.97","1,152.28","","-0.60%"
"2019- 07- 18","1,159.62","1,153.14","1,161.08","1,151.21","","0.32%"
"2019- 07- 17","1,155.95","1,163.30","1,164.08","1,155.95","","-0.63%"
"2019- 07- 16","1,163.30","1,166.78","1,167.75","1,162.34","","-0.34%"
"2019- 07- 15","1,167.27","1,168.42","1,168.42","1,165.42","","0.01%"
"2019- 07- 12","1,167.16","1,163.88","1,167.37","1,162.72","","0.46%"
"2019- 07- 11","1,161.85","1,161.76","1,162.91","1,157.69","","0.23%"
"2019- 07- 10","1,159.23","1,158.46","1,163.39","1,156.14","","0.42%"
"2019- 07- 09","1,154.40","1,147.73","1,155.17","1,147.35","","0.15%"
"2019- 07- 08","1,152.66","1,153.05","1,154.60","1,150.34","","-0.51%"
"2019- 07- 05","1,158.56","1,154.79","1,159.62","1,149.47","","-0.14%"
"2019- 07- 03","1,160.20","1,153.92","1,160.31","1,153.43","","0.76%"
"2019- 07- 02","1,151.40","1,148.02","1,151.40","1,144.63","","0.32%"
"2019- 07- 01","1,147.73","1,153.14","1,153.43","1,143.38","","0.75%"
"2019- 06- 28","1,139.22","1,136.89","1,140.47","1,134.58","","0.56%"
"2019- 06- 27","1,132.93","1,131.78","1,134.77","1,130.61","","0.35%"
"2019- 06- 26","1,128.96","1,134.29","1,136.03","1,128.48","","-0.15%"
"2019- 06- 25","1,130.61","1,141.63","1,141.63","1,129.84","","-0.94%"
"2019- 06- 24","1,141.35","1,143.77","1,144.92","1,140.77","","-0.18%"
"2019- 06- 21","1,143.38","1,143.66","1,148.60","1,141.92","","-0.09%"
"2019- 06- 20","1,144.44","1,145.21","1,146.18","1,135.73","","0.91%"
"2019- 06- 19","1,134.10","1,131.78","1,136.03","1,128.48","","0.29%"
"2019- 06- 18","1,130.81","1,127.13","1,135.73","1,125.88","","1.02%"
"2019- 06- 17","1,119.39","1,120.16","1,122.88","1,118.82","","0.18%"
"2019- 06- 14","1,117.37","1,117.56","1,120.16","1,114.37","","-0.16%"
"2019- 06- 13","1,119.20","1,117.75","1,120.36","1,115.23","","0.43%"
"2019- 06- 12","1,114.37","1,115.82","1,117.65","1,112.34","","-0.20%"
"2019- 06- 11","1,116.59","1,124.81","1,126.26","1,113.88","","-0.05%"
"2019- 06- 10","1,117.16","1,118.23","1,124.04","1,116.59","","0.50%"
"2019- 06- 07","1,111.65","1,104.79","1,116.49","1,104.50","","1.02%"
"2019- 06- 06","1,100.43","1,094.63","1,103.63","1,092.21","","0.63%"
"2019- 06- 05","1,093.57","1,091.25","1,093.95","1,083.61","","0.83%"
"2019- 06- 04","1,084.58","1,071.62","1,084.96","1,069.39","","2.23%"
"2019- 06- 03","1,060.88","1,064.56","1,069.11","1,055.76","","-0.36%"
"2019- 05- 31","1,064.75","1,067.65","1,071.33","1,064.17","","-1.33%"
"2019- 05- 30","1,079.07","1,078.96","1,082.74","1,074.22","","0.22%"
"2019- 05- 29","1,076.74","1,077.42","1,080.32","1,070.16","","-0.69%"
"2019- 05- 28","1,084.19","1,095.40","1,099.09","1,084.19","","-0.85%"
"2019- 05- 24","1,093.47","1,097.92","1,099.38","1,091.25","","0.12%"
"2019- 05- 23","1,092.21","1,095.21","1,095.31","1,085.35","","-1.20%"
"2019- 05- 22","1,105.46","1,104.40","1,109.23","1,103.34","","-0.29%"
"2019- 05- 21","1,108.65","1,106.05","1,110.40","1,105.08","","0.86%"
"2019- 05- 20","1,099.18","1,098.51","1,104.69","1,095.80","","-0.67%"
"2019- 05- 17","1,106.62","1,104.02","1,116.88","1,104.02","","-0.57%"
"2019- 05- 16","1,112.91","1,106.53","1,119.49","1,106.14","","0.85%"
"2019- 05- 15","1,103.54","1,090.18","1,106.34","1,089.32","","0.61%"
"2019- 05- 14","1,096.86","1,091.83","1,103.92","1,091.35","","0.81%"
"2019- 05- 13","1,088.06","1,093.57","1,097.73","1,083.99","","-2.45%"
"2019- 05- 10","1,115.33","1,106.62","1,119.01","1,093.28","","0.42%"
"2019- 05- 09","1,110.69","1,104.21","1,112.82","1,097.24","","-0.29%"
"2019- 05- 08","1,113.97","1,114.37","1,121.04","1,111.46","","-0.18%"
"2019- 05- 07","1,116.01","1,124.42","1,126.74","1,107.40","","-1.65%"
"2019- 05- 06","1,134.77","1,120.36","1,136.51","1,120.07","","-0.42%"
"2019- 05- 03","1,139.61","1,135.06","1,140.67","1,133.99","","0.93%"
"2019- 05- 02","1,129.16","1,130.52","1,134.48","1,122.30","","-0.21%"
"2019- 05- 01","1,131.58","1,142.80","1,143.47","1,131.58","","-0.72%"
"2019- 04- 30","1,139.80","1,137.47","1,141.25","1,131.96","","0.04%"
"2019- 04- 29","1,139.32","1,138.15","1,141.73","1,137.77","","0.10%"
"2019- 04- 26","1,138.15","1,132.55","1,138.15","1,129.36","","0.47%"
"2019- 04- 25","1,132.84","1,133.03","1,135.35","1,127.42","","-0.05%"
"2019- 04- 24","1,133.41","1,135.84","1,137.09","1,132.93","","-0.23%"
"2019- 04- 23","1,136.03","1,127.52","1,137.18","1,126.64","","0.88%"
"2019- 04- 22","1,126.16","1,122.01","1,126.74","1,121.42","","0.09%"
"2019- 04- 18","1,125.10","1,125.39","1,126.26","1,120.07","","0.15%"
"2019- 04- 17","1,123.36","1,130.52","1,130.52","1,121.42","","-0.27%"
"2019- 04- 16","1,126.36","1,129.16","1,129.55","1,123.74","","0.07%"
"2019- 04- 15","1,125.59","1,126.74","1,127.04","1,122.10","","-0.09%"
"2019- 04- 12","1,126.55","1,125.59","1,127.52","1,122.97","","0.69%"
"2019- 04- 11","1,118.82","1,120.85","1,120.85","1,116.30","","-0.04%"
"2019- 04- 10","1,119.30","1,117.16","1,119.59","1,115.42","","0.36%"
"2019- 04- 09","1,115.33","1,116.97","1,118.33","1,113.11","","-0.55%"
"2019- 04- 08","1,121.52","1,118.62","1,121.52","1,115.82","","0.09%"
"2019- 04- 05","1,120.56","1,118.04","1,120.65","1,116.88","","0.47%"
"2019- 04- 04","1,115.28","1,113.88","1,116.30","1,110.69","","0.22%"
"2019- 04- 03","1,112.82","1,115.62","1,117.65","1,109.91","","0.18%"
"2019- 04- 02","1,110.79","1,110.98","1,111.65","1,107.40","","0.03%"
"2019- 04- 01","1,110.49","1,106.43","1,111.46","1,104.88","","1.11%"
"2019- 03- 29","1,098.31","1,097.54","1,098.69","1,092.21","","0.70%"
"2019- 03- 28","1,090.67","1,089.41","1,092.41","1,084.19","","0.35%"
"2019- 03- 27","1,086.89","1,092.80","1,094.83","1,080.03","","-0.49%"
"2019- 03- 26","1,092.21","1,092.12","1,096.66","1,086.51","","0.70%"
"2019- 03- 25","1,084.58","1,083.41","1,089.03","1,079.26","","-0.08%"
"2019- 03- 22","1,085.44","1,100.92","1,103.14","1,085.26","","-1.91%"
"2019- 03- 21","1,106.53","1,090.96","1,108.56","1,090.96","","1.10%"
"2019- 03- 20","1,094.54","1,093.95","1,102.17","1,090.09","","-0.36%"
"2019- 03- 19","1,098.51","1,102.46","1,105.76","1,094.35","","0.02%"
"2019- 03- 18","1,098.31","1,094.83","1,098.98","1,093.86","","0.41%"
"2019- 03- 15","1,093.86","1,090.58","1,097.06","1,089.89","","0.49%"
"2019- 03- 14","1,088.55","1,089.32","1,091.06","1,086.51","","-0.06%"
"2019- 03- 13","1,089.22","1,086.12","1,093.38","1,085.35","","0.67%"
"2019- 03- 12","1,081.96","1,080.61","1,084.38","1,079.74","","0.30%"
"2019- 03- 11","1,078.67","1,066.20","1,078.96","1,065.91","","1.63%"
"2019- 03- 08","1,061.37","1,054.60","1,061.65","1,053.14","","-0.18%"
"2019- 03- 07","1,063.30","1,070.07","1,070.56","1,059.53","","-0.83%"
"2019- 03- 06","1,072.19","1,079.26","1,079.36","1,071.04","","-0.80%"
"2019- 03- 04","1,080.81","1,089.61","1,089.99","1,070.65","","-0.37%"
"2019- 03- 01","1,084.77","1,084.87","1,086.32","1,078.48","","0.69%"
"2019- 02- 28","1,077.33","1,078.78","1,080.81","1,076.64","","-0.28%"
"2019- 02- 27","1,080.32","1,077.71","1,081.58","1,073.64","","-0.03%"
"2019- 02- 26","1,080.61","1,080.32","1,084.48","1,079.26","","-0.10%"
"2019- 02- 25","1,081.67","1,086.32","1,088.55","1,081.29","","0.14%"
"2019- 02- 22","1,080.12","1,076.36","1,080.99","1,075.10","","0.64%"
"2019- 02- 21","1,073.26","1,074.71","1,075.88","1,069.39","","-0.40%"
"2019- 02- 20","1,077.52","1,075.10","1,079.36","1,073.16","","0.21%"
"2019- 02- 19","1,075.30","1,070.56","1,078.29","1,070.56","","0.15%"
"2019- 02- 15","1,073.64","1,069.78","1,073.64","1,068.91","","1.11%"
"2019- 02- 14","1,061.85","1,059.62","1,066.68","1,056.34","","-0.25%"
"2019- 02- 13","1,064.46","1,064.94","1,068.23","1,063.11","","0.28%"
"2019- 02- 12","1,061.46","1,054.88","1,063.01","1,054.60","","1.28%"
"2019- 02- 11","1,048.02","1,049.95","1,051.21","1,045.69","","0.09%"
"2019- 02- 08","1,047.06","1,041.06","1,047.06","1,037.09","","0.09%"
"2019- 02- 07","1,046.09","1,049.28","1,051.50","1,038.93","","-0.94%"
"2019- 02- 06","1,056.05","1,056.72","1,058.56","1,053.14","","-0.19%"
"2019- 02- 05","1,058.08","1,054.98","1,058.94","1,053.24","","0.46%"
"2019- 02- 04","1,053.24","1,045.89","1,053.24","1,043.47","","0.66%"
"2019- 02- 01","1,046.38","1,046.28","1,050.54","1,042.89","","0.01%"
"2019- 01- 31","1,046.28","1,036.70","1,047.54","1,035.55","","0.92%"
"2019- 01- 30","1,036.70","1,025.01","1,040.47","1,023.93","","1.55%"
"2019- 01- 29","1,020.85","1,022.68","1,024.90","1,017.26","","-0.15%"
"2019- 01- 28","1,022.39","1,020.36","1,022.39","1,014.55","","-0.77%"
"2019- 01- 25","1,030.32","1,029.45","1,033.52","1,027.71","","0.84%"
"2019- 01- 24","1,021.72","1,019.98","1,023.93","1,015.91","","0.10%"
"2019- 01- 23","1,020.65","1,023.75","1,026.45","1,010.69","","0.17%"
"2019- 01- 22","1,018.91","1,026.74","1,027.62","1,012.43","","-1.41%"
"2019- 01- 18","1,033.52","1,027.42","1,035.15","1,024.13","","1.37%"
"2019- 01- 17","1,019.59","1,008.17","1,023.26","1,007.98","","0.75%"
"2019- 01- 16","1,011.95","1,011.56","1,015.91","1,010.78","","0.18%"
"2019- 01- 15","1,010.11","999.86","1,011.08","999.86","","1.15%"
"2019- 01- 14","998.60","996.28","1,001.79","994.53","","-0.57%"
"2019- 01- 11","1,004.30","999.96","1,004.50","996.96","","-0.08%"
"2019- 01- 10","1,005.08","994.29","1,005.27","991.15","","0.49%"
"2019- 01- 09","1,000.14","999.86","1,004.50","993.96","","0.41%"
"2019- 01- 08","996.09","996.66","998.40","985.64","","0.98%"
"2019- 01- 07","986.41","980.71","993.09","976.64","","0.67%"
"2019- 01- 04","979.84","960.54","982.25","958.95","","3.47%"
"2019- 01- 03","946.96","964.08","964.46","945.50","","-2.50%"
"2019- 01- 02","971.23","954.88","974.90","954.50","","0.14%"
"2018- 12- 31","969.88","969.59","970.65","960.69","","0.87%"
"2018- 12- 28","961.47","968.33","975.20","956.82","","-0.12%"
"2018- 12- 27","962.62","941.45","962.62","927.51","","0.87%"
"2018- 12- 26","954.30","916.59","954.79","907.60","","4.81%"
"2018- 12- 24","910.50","928.49","933.12","910.30","","-2.65%"
"2018- 12- 21","935.25","958.17","970.07","932.16","","-1.98%"
"2018- 12- 20","954.12","964.95","971.03","944.63","","-1.69%"
"2018- 12- 19","970.55","986.22","1,000.97","963.11","","-1.58%"
"2018- 12- 18","986.12","994.25","997.05","979.25","","-0.06%"
"2018- 12- 17","986.71","1,002.66","1,007.78","980.23","","-1.94%"
"2018- 12- 14","1,006.24","1,015.52","1,019.49","1,003.53","","-1.90%"
"2018- 12- 13","1,025.78","1,029.64","1,033.22","1,020.26","","-0.01%"
"2018- 12- 12","1,025.88","1,033.12","1,039.22","1,025.39","","0.53%"
"2018- 12- 11","1,020.46","1,034.58","1,034.77","1,014.17","","-0.01%"
"2018- 12- 10","1,020.55","1,017.85","1,024.33","999.27","","0.18%"
"2018- 12- 07","1,018.72","1,041.25","1,048.12","1,014.95","","-2.26%"
"2018- 12- 06","1,042.32","1,027.62","1,042.89","1,014.26","","-0.27%"
"2018- 12- 04","1,045.12","1,076.45","1,078.10","1,043.57","","-3.20%"
"2018- 12- 03","1,079.64","1,083.70","1,083.99","1,072.97","","1.18%"
"2018- 11- 30","1,067.07","1,058.95","1,068.23","1,057.49","","0.72%"
"2018- 11- 29","1,059.43","1,058.27","1,065.53","1,053.58","","-0.20%"
"2018- 11- 28","1,061.56","1,042.70","1,061.56","1,038.44","","2.29%"
"2018- 11- 27","1,037.77","1,029.64","1,037.77","1,027.33","","0.34%"
"2018- 11- 26","1,034.29","1,028.38","1,034.58","1,026.16","","1.58%"
"2018- 11- 23","1,018.23","1,017.94","1,024.13","1,017.65","","-0.70%"
"2018- 11- 21","1,025.39","1,028.48","1,033.32","1,025.29","","0.22%"
"2018- 11- 20","1,023.16","1,026.74","1,032.93","1,018.42","","-1.74%"
"2018- 11- 19","1,041.25","1,056.62","1,057.02","1,037.48","","-1.69%"
"2018- 11- 16","1,059.14","1,051.79","1,062.91","1,049.76","","0.22%"
"2018- 11- 15","1,056.82","1,040.47","1,058.66","1,033.52","","1.05%"
"2018- 11- 14","1,045.80","1,061.46","1,063.11","1,039.32","","-0.72%"
"2018- 11- 13","1,053.34","1,057.20","1,065.91","1,050.34","","-0.16%"
"2018- 11- 12","1,054.98","1,073.26","1,074.23","1,053.24","","-1.94%"
"2018- 11- 09","1,075.87","1,080.42","1,081.19","1,069.59","","-0.93%"
"2018- 11- 08","1,085.93","1,085.35","1,089.12","1,081.29","","-0.22%"
"2018- 11- 07","1,088.35","1,075.10","1,088.93","1,073.36","","2.13%"
"2018- 11- 06","1,065.62","1,058.66","1,066.30","1,058.37","","0.64%"
"2018- 11- 05","1,058.85","1,055.46","1,061.37","1,051.21","","0.61%"
"2018- 11- 02","1,052.47","1,063.88","1,066.30","1,044.44","","-0.72%"
"2018- 11- 01","1,060.11","1,052.47","1,060.40","1,047.63","","1.09%"
"2018- 10- 31","1,048.69","1,049.28","1,058.76","1,047.15","","1.02%"
"2018- 10- 30","1,038.15","1,021.23","1,039.22","1,019.68","","1.59%"
"2018- 10- 29","1,021.90","1,041.63","1,047.15","1,007.40","","-0.58%"
"2018- 10- 26","1,027.90","1,030.52","1,041.54","1,016.49","","-1.83%"
"2018- 10- 25","1,047.05","1,036.22","1,053.53","1,032.06","","1.90%"
"2018- 10- 24","1,027.52","1,059.34","1,061.27","1,026.26","","-3.13%"
"2018- 10- 23","1,060.69","1,049.86","1,065.62","1,041.63","","-0.55%"
"2018- 10- 22","1,066.59","1,074.23","1,075.58","1,064.27","","-0.44%"
"2018- 10- 19","1,071.33","1,075.10","1,083.32","1,068.71","","-0.04%"
"2018- 10- 18","1,071.81","1,083.81","1,086.22","1,066.49","","-1.44%"
"2018- 10- 17","1,087.48","1,087.96","1,090.47","1,076.74","","-0.04%"
"2018- 10- 16","1,087.96","1,073.36","1,089.12","1,071.04","","2.14%"
"2018- 10- 15","1,065.13","1,069.30","1,074.81","1,064.46","","-0.56%"
"2018- 10- 12","1,071.13","1,074.13","1,075.00","1,057.02","","1.36%"
"2018- 10- 11","1,056.72","1,075.68","1,082.64","1,049.47","","-2.22%"
"2018- 10- 10","1,080.71","1,113.88","1,113.88","1,079.26","","-3.19%"
"2018- 10- 09","1,116.30","1,116.11","1,121.81","1,113.79","","-0.15%"
"2018- 10- 08","1,117.94","1,114.46","1,119.39","1,108.76","","0.03%"
"2018- 10- 05","1,117.65","1,124.52","1,127.22","1,111.56","","-0.55%"
"2018- 10- 04","1,123.84","1,130.81","1,131.10","1,117.27","","-0.82%"
"2018- 10- 03","1,133.12","1,136.99","1,139.03","1,131.77","","0.05%"
"2018- 10- 02","1,132.55","1,132.64","1,135.73","1,131.19","","-0.07%"
"2018- 10- 01","1,133.32","1,135.15","1,138.06","1,130.61","","0.37%"
"2018- 09- 28","1,129.16","1,126.64","1,131.58","1,126.64","","-0.03%"
"2018- 09- 27","1,129.45","1,128.67","1,134.19","1,127.33","","0.27%"
"2018- 09- 26","1,126.45","1,130.52","1,135.73","1,125.00","","-0.31%"
"2018- 09- 25","1,129.93","1,133.41","1,133.52","1,129.07","","-0.14%"
"2018- 09- 24","1,131.48","1,132.26","1,133.03","1,128.78","","-0.33%"
"2018- 09- 21","1,135.26","1,138.93","1,139.70","1,134.48","","-0.07%"
"2018- 09- 20","1,136.03","1,132.64","1,137.48","1,132.06","","0.76%"
"2018- 09- 19","1,127.42","1,126.45","1,128.96","1,125.78","","0.09%"
"2018- 09- 18","1,126.45","1,120.94","1,128.67","1,120.94","","0.57%"
"2018- 09- 17","1,120.07","1,125.48","1,125.68","1,118.91","","-0.34%"
"2018- 09- 14","1,123.94","1,124.66","1,125.48","1,120.65","","0.01%"
"2018- 09- 13","1,123.84","1,121.62","1,124.52","1,120.74","","0.55%"
"2018- 09- 12","1,117.65","1,116.88","1,119.88","1,114.08","","0.02%"
"2018- 09- 11","1,117.46","1,110.49","1,119.11","1,109.34","","0.33%"
"2018- 09- 10","1,113.79","1,116.11","1,117.07","1,112.82","","0.19%"
"2018- 09- 07","1,111.65","1,109.34","1,115.91","1,108.37","","-0.19%"
"2018- 09- 06","1,113.79","1,117.65","1,119.11","1,109.53","","-0.34%"
"2018- 09- 05","1,117.56","1,119.05","1,119.88","1,113.20","","-0.30%"
"2018- 09- 04","1,120.94","1,120.56","1,122.19","1,116.30","","-0.15%"
"2018- 08- 31","1,122.59","1,120.94","1,124.62","1,118.71","","0.00%"
"2018- 08- 30","1,122.59","1,125.39","1,126.84","1,120.16","","-0.45%"
"2018- 08- 29","1,127.71","1,122.68","1,128.58","1,121.52","","0.58%"
"2018- 08- 28","1,121.23","1,123.07","1,123.55","1,119.68","","0.02%"
"2018- 08- 27","1,121.04","1,117.36","1,121.52","1,116.97","","0.77%"
"2018- 08- 24","1,112.43","1,108.37","1,113.01","1,107.98","","0.62%"
"2018- 08- 23","1,105.57","1,106.48","1,110.01","1,104.40","","-0.19%"
"2018- 08- 22","1,107.69","1,106.14","1,109.53","1,105.08","","-0.03%"
"2018- 08- 21","1,107.98","1,107.60","1,111.76","1,107.40","","0.22%"
"2018- 08- 20","1,105.57","1,105.08","1,106.62","1,103.14","","0.24%"
"2018- 08- 17","1,102.95","1,098.51","1,105.28","1,096.76","","0.31%"
"2018- 08- 16","1,099.57","1,097.05","1,103.14","1,096.76","","0.85%"
"2018- 08- 15","1,090.29","1,092.61","1,093.47","1,084.48","","-0.77%"
"2018- 08- 14","1,098.80","1,095.31","1,099.95","1,093.66","","0.63%"
"2018- 08- 13","1,091.88","1,097.44","1,100.05","1,090.96","","-0.41%"
"2018- 08- 10","1,096.38","1,097.83","1,099.76","1,093.28","","-0.71%"
"2018- 08- 09","1,104.21","1,105.57","1,107.40","1,103.43","","-0.11%"
"2018- 08- 08","1,105.46","1,105.28","1,107.31","1,103.72","","-0.04%"
"2018- 08- 07","1,105.86","1,104.88","1,107.60","1,104.88","","0.32%"
"2018- 08- 06","1,102.37","1,098.02","1,103.72","1,096.95","","0.34%"
"2018- 08- 03","1,098.60","1,094.83","1,098.69","1,093.66","","0.43%"
"2018- 08- 02","1,093.95","1,081.38","1,094.54","1,081.29","","0.52%"
"2018- 08- 01","1,088.25","1,090.87","1,093.09","1,085.35","","-0.12%"
"2018- 07- 31","1,089.51","1,088.30","1,092.80","1,086.51","","0.46%"
"2018- 07- 30","1,084.48","1,090.91","1,091.54","1,082.64","","-0.57%"
"2018- 07- 27","1,090.67","1,099.86","1,099.86","1,086.61","","-0.65%"
"2018- 07- 26","1,097.83","1,097.44","1,101.12","1,097.24","","-0.32%"
"2018- 07- 25","1,101.40","1,090.47","1,102.28","1,090.38","","0.93%"
"2018- 07- 24","1,091.25","1,092.21","1,095.21","1,087.87","","0.46%"
"2018- 07- 23","1,086.22","1,083.27","1,086.80","1,081.77","","0.18%"
"2018- 07- 20","1,084.29","1,084.48","1,087.18","1,083.52","","-0.08%"
"2018- 07- 19","1,085.15","1,086.22","1,088.15","1,083.32","","-0.43%"
"2018- 07- 18","1,089.80","1,087.87","1,090.13","1,085.93","","0.20%"
"2018- 07- 17","1,087.67","1,079.84","1,089.22","1,079.64","","0.43%"
"2018- 07- 16","1,083.03","1,084.38","1,084.96","1,081.38","","-0.12%"
"2018- 07- 13","1,084.38","1,082.45","1,085.55","1,080.61","","0.11%"
"2018- 07- 12","1,083.22","1,079.36","1,083.52","1,076.55","","0.88%"
"2018- 07- 11","1,073.74","1,074.90","1,078.38","1,072.48","","-0.71%"
"2018- 07- 10","1,081.38","1,080.22","1,082.26","1,078.78","","0.31%"
"2018- 07- 09","1,078.00","1,073.07","1,078.10","1,072.78","","0.91%"
"2018- 07- 06","1,068.23","1,059.34","1,070.07","1,057.98","","0.84%"
"2018- 07- 05","1,059.34","1,056.34","1,059.72","1,051.12","","0.81%"
"2018- 07- 03","1,050.78","1,058.76","1,059.14","1,049.18","","-0.42%"
"2018- 07- 02","1,055.17","1,045.70","1,055.46","1,044.73","","0.23%"
"2018- 06- 29","1,052.76","1,056.24","1,061.85","1,052.66","","0.11%"
"2018- 06- 28","1,051.60","1,045.12","1,054.60","1,042.03","","0.64%"
"2018- 06- 27","1,044.92","1,056.82","1,063.01","1,044.92","","-0.88%"
"2018- 06- 26","1,054.21","1,054.50","1,058.08","1,051.31","","0.23%"